Name,SMILES,CAS,Type,MolWt,ExactMolWt,LogP,NumHDonors,NumHAcceptors,NumRotatableBonds,TPSA,MolVolume
Ethanol,CCO,64-17-5,biofuel,46.069,46.041864812,-0.0014000000000000123,1.0,1.0,0.0,20.23,12.759800000000002
2-propanol,CC(C)O,67-63-0,biofuel,60.096000000000004,60.057514876,0.38710000000000006,1.0,1.0,0.0,20.23,17.354800000000004
1-Propanol,CCCO,71-23-8,biofuel,60.096,60.057514876,0.3887,1.0,1.0,1.0,20.23,17.376800000000003
2-butanol,CCC(C)O,78-92-2,biofuel,74.12299999999999,74.07316494,0.7771999999999999,1.0,1.0,1.0,20.23,21.971799999999995
1-butanol,CCCCO,71-36-3,biofuel,74.12299999999999,74.07316494,0.7787999999999999,1.0,1.0,2.0,20.23,21.993799999999997
Propane,CCC,74-98-6,biofuel,44.096999999999994,44.062600255999996,1.4163,0.0,0.0,0.0,0.0,15.965000000000003
Octane,CCCCCCCC,111-65-9,biofuel,114.232,114.14085057599999,3.3668000000000022,0.0,0.0,5.0,0.0,39.05
"1,2-Propanediol",CC(CO)O,57-55-6,biofuel,76.095,76.052429496,-0.6405,2.0,2.0,1.0,40.46,18.766600000000004
2-Methylpropane,CC(C)C,75-28-5,biofuel,58.123999999999995,58.078250319999995,1.6622999999999999,0.0,0.0,0.0,0.0,20.511999999999997
1-Butene,CCC=C,106-98-9,biofuel,56.108,56.062600255999996,1.5824,0.0,0.0,1.0,0.0,20.487999999999996
2-Butene,CC=CC,107-01-7,biofuel,56.108000000000004,56.062600255999996,1.5824,0.0,0.0,0.0,0.0,20.487999999999996
1-Pentene,C=CCCC,109-67-1,biofuel,70.13499999999999,70.07825032,1.9725,0.0,0.0,2.0,0.0,25.10499999999999
1-Hexene,C=CCCCC,592-41-6,biofuel,84.16199999999999,84.093900384,2.3626000000000005,0.0,0.0,3.0,0.0,29.721999999999984
cis-2-hexene ,CCC/C=C\C,7688-21-3,biofuel,84.16199999999999,84.093900384,2.3626000000000005,0.0,0.0,2.0,0.0,29.721999999999984
2-Methyl-1-butene,CCC(=C)C,563-46-2,biofuel,70.13499999999999,70.07825032,1.9725,0.0,0.0,1.0,0.0,25.10499999999999
3-Methyl-1-butene,CC(C)C=C,563-45-1,biofuel,70.135,70.07825032,1.8284,0.0,0.0,1.0,0.0,25.03499999999999
2-Methyl-2-butene,CC=C(C)C,513-35-9,biofuel,70.13499999999999,70.07825032,1.9725,0.0,0.0,0.0,0.0,25.10499999999999
2-Methylpropene,CC(=C)C,115-11-7,biofuel,56.108000000000004,56.062600255999996,1.5824,0.0,0.0,0.0,0.0,20.487999999999996
1-Octene,C=CCCCCCC,111-66-0,biofuel,112.216,112.12520051199999,3.142800000000002,0.0,0.0,5.0,0.0,38.956
2-Octene,CC=CCCCCCC,111-67-1,biofuel,126.24300000000001,126.14085057599999,3.5329000000000024,0.0,0.0,5.0,0.0,43.573000000000015
1-Heptene,C=CCCCCC,592-76-7,biofuel,98.189,98.109550448,2.752700000000001,0.0,0.0,4.0,0.0,34.33899999999999
2-Heptene,CC=CCCCC,6443-92-1,biofuel,98.18900000000001,98.109550448,2.752700000000001,0.0,0.0,3.0,0.0,34.33899999999999
3-Heptene,CCC=CCCC,592-78-9,biofuel,98.18900000000001,98.109550448,2.752700000000001,0.0,0.0,3.0,0.0,34.33899999999999
2-Pentanone,CCC(C)C=O,107-87-9,biofuel,86.13399999999999,86.07316494,1.2314,0.0,1.0,2.0,17.07,25.518999999999988
2-Butanone,CC(C)C=O,78-93-3,biofuel,72.107,72.057514876,0.8412999999999999,0.0,1.0,1.0,17.07,20.901999999999994
2-Methyl-1-propanol,CC(C)CO,78-83-1,biofuel,74.12299999999999,74.07316494,0.6347,1.0,1.0,1.0,20.23,21.923799999999996
2-Methylfuran,CC1=CC=CO1,534-22-5,biofuel,82.102,82.041864812,1.58802,0.0,1.0,0.0,13.14,23.444999999999993
3-Pentanone,CCC(=O)CC,96-22-0,biofuel,86.134,86.07316494,1.3755,0.0,1.0,2.0,17.07,25.588999999999988
Isopropyl acetate,CC(C)OC(=O)C,108-21-4,biofuel,102.133,102.06807956,0.9579,0.0,2.0,1.0,26.3,26.901999999999987
Methyl isobutyrate,CC(C)C(=O)OC,547-63-7,biofuel,102.13299999999998,102.06807956,0.8154,0.0,2.0,1.0,26.3,26.853999999999985
4-Methyl-2-pentanol,CC(C)CC(C)O,108-11-2,biofuel,102.17699999999998,102.104465068,1.4133,1.0,1.0,2.0,20.23,31.135799999999982
"1,1-Dimethylcyclohexane",CC1(CCCCC1)C,590-66-9,biofuel,112.21600000000001,112.12520051199999,2.976700000000002,0.0,0.0,0.0,0.0,36.86599999999999
"1,1-Dimethylcyclopentane",CC1(CCCC1)C,1638-26-2,biofuel,98.18900000000001,98.109550448,2.5866000000000007,0.0,0.0,0.0,0.0,32.24899999999998
Cyclopentane,C1CCCC1,287-92-3,biofuel,70.135,70.07825032,1.9505000000000001,0.0,0.0,0.0,0.0,23.084999999999994
2-Methyl-1-Pentene,CCCC(=C)C,763-29-1,biofuel,84.16199999999999,84.093900384,2.3626000000000005,0.0,0.0,2.0,0.0,29.721999999999984
cyclopentanone,C1CCC(=O)C1,120-92-3,biofuel,84.118,84.057514876,1.1295,0.0,1.0,0.0,17.07,23.47499999999999
2-Methyl-2-Pentene,CCC=C(C)C,625-27-4,biofuel,84.16199999999999,84.093900384,2.3626000000000005,0.0,0.0,1.0,0.0,29.721999999999984
3-methyl-2-pentene,CCC(=CC)C,922-61-2,biofuel,84.16199999999999,84.093900384,2.3626000000000005,0.0,0.0,1.0,0.0,29.721999999999984
2-Methyl-3-ethylpentane,CCC(CC)C(C)C,609-26-7,biofuel,114.23199999999999,114.14085057599999,3.0786000000000016,0.0,0.0,3.0,0.0,38.91
2-Methyl-3-Heptene,CCCC=CC(C)C,692-96-6,biofuel,112.21599999999998,112.12520051199999,2.9987000000000013,0.0,0.0,3.0,0.0,38.886
2-Methyl-3-Hexene,CCC=CC(C)C,692-24-0,biofuel,98.189,98.109550448,2.608600000000001,0.0,0.0,2.0,0.0,34.26899999999999
2-Methylnonane,CCCCCCC(C)CC,871-83-0,biofuel,142.286,142.172150704,4.002900000000003,0.0,0.0,6.0,0.0,48.21400000000003
3-Methylnonane,CCCCCCC(C)CCC,5911-04-6,biofuel,156.313,156.187800768,4.393000000000004,0.0,0.0,7.0,0.0,52.83100000000004
4-Methylnonane,CCCCC(C)CCCC,17301-94-9,biofuel,142.286,142.172150704,4.002900000000003,0.0,0.0,6.0,0.0,48.21400000000003
5-Methylnonane,CCCCC(C)CCCC,15869-85-9,biofuel,142.286,142.172150704,4.002900000000003,0.0,0.0,6.0,0.0,48.21400000000003
"2,2,3,3-tetramethylpentane",CCC(C)(C)C(C)(C)C,7154-79-2,biofuel,128.25899999999996,128.15650064,3.468700000000003,0.0,0.0,1.0,0.0,43.52700000000001
"2,2-dimethyl-3-ethylpentane",CCC(CC)C(C)(C)C,16747-32-3,biofuel,128.259,128.15650064,3.468700000000003,0.0,0.0,2.0,0.0,43.52700000000001
"2,2-dimethylbutane",CCC(C)(C)C,75-83-2,biofuel,86.17799999999998,86.109550448,2.442500000000001,0.0,0.0,0.0,0.0,29.74599999999998
"2,4-Dimethyl-3-ethylpentane",CCC(C(C)C)C(C)C,1068-87-7,biofuel,128.259,128.15650064,3.324600000000002,0.0,0.0,3.0,0.0,43.45700000000001
"2,3-dimethylbutane",CC(C)C(C)C,79-29-8,biofuel,86.178,86.109550448,2.2984,0.0,0.0,1.0,0.0,29.675999999999984
"2,2,3-trimethylbutane",CC(C)C(C)(C)C,464-06-2,biofuel,100.20499999999998,100.12520051199999,2.6885000000000012,0.0,0.0,0.0,0.0,34.292999999999985
"2,2-Dimethylpropane",CC(C)(C)C,463-82-1,biofuel,72.151,72.093900384,2.0524,0.0,0.0,0.0,0.0,25.12899999999999
2-methylpentane,CCCC(C)C,107-83-5,biofuel,86.178,86.109550448,2.442500000000001,0.0,0.0,2.0,0.0,29.74599999999998
3-methylpentane,CCC(C)CC,96-14-0,biofuel,86.178,86.109550448,2.442500000000001,0.0,0.0,2.0,0.0,29.74599999999998
3-Hexene,CCC=CCC,592-47-2,biofuel,84.162,84.093900384,2.3626000000000005,0.0,0.0,2.0,0.0,29.721999999999984
3-methyl-1-pentene,CCC(C)C=C,760-20-3,biofuel,84.16199999999999,84.093900384,2.2184999999999997,0.0,0.0,2.0,0.0,29.651999999999983
2-ethyl-1-butene,CCC(=C)CC,760-21-4,biofuel,84.16199999999999,84.093900384,2.3626000000000005,0.0,0.0,2.0,0.0,29.721999999999984
"2,3-dimethyl-1-butene",CC(C)C(=C)C,563-78-0,biofuel,84.16199999999999,84.093900384,2.2184999999999997,0.0,0.0,1.0,0.0,29.651999999999983
"3,3-dimethyl-1-butene",CC(C)(C)C=C,558-37-2,biofuel,84.16199999999999,84.093900384,2.2184999999999997,0.0,0.0,0.0,0.0,29.651999999999983
"2,3-dimethyl-2-butene",CC(=C(C)C)C,563-79-1,biofuel,84.16199999999999,84.093900384,2.3626000000000005,0.0,0.0,0.0,0.0,29.721999999999984
4-methyl-1-hexene,CCC(C)CC=C,3769-23-1,biofuel,98.189,98.109550448,2.608600000000001,0.0,0.0,3.0,0.0,34.26899999999999
"2,3,3-trimethyl-1-butene",CC(=C)C(C)(C)C,594-56-9,biofuel,98.189,98.109550448,2.608600000000001,0.0,0.0,0.0,0.0,34.26899999999999
2-Methyl-1-hexene,CCCCC(=C)C,6094-02-6,biofuel,98.189,98.109550448,2.752700000000001,0.0,0.0,3.0,0.0,34.33899999999999
2-Methyl-2-hexene,CCCC=C(C)C,2738-19-4,biofuel,98.189,98.109550448,2.752700000000001,0.0,0.0,2.0,0.0,34.33899999999999
2-Methyl-3-hexene,CCC=CC(C)C,692-24-0,biofuel,98.189,98.109550448,2.608600000000001,0.0,0.0,2.0,0.0,34.26899999999999
"2,3-Dimethyl-1-pentene",CCC(C)C(=C)C,3404-72-6,biofuel,98.189,98.109550448,2.608600000000001,0.0,0.0,2.0,0.0,34.26899999999999
2-Methyl-2-propanol,CC(C)(C)O,75-65-0,biofuel,74.12299999999999,74.07316494,0.7771999999999999,1.0,1.0,0.0,20.23,21.971799999999995
3-methyl-1-butanol,CC(C)CCO,123-51-3,biofuel,88.14999999999999,88.088815004,1.0248,1.0,1.0,2.0,20.23,26.54079999999999
methyl tert-butyl ether,CC(C)(C)OC,1634-04-4,biofuel,88.14999999999999,88.088815004,1.4313,0.0,1.0,0.0,9.23,26.761999999999986
Tert-Amyl methyl ether,CCC(C)(C)OC,994-05-8,biofuel,102.17699999999998,102.104465068,1.8214000000000001,0.0,1.0,2.0,9.23,31.37899999999998
tert-butyl ethyl ether,CCOC(C)(C)C,637-92-3,biofuel,102.17699999999999,102.104465068,1.8214000000000001,0.0,1.0,1.0,9.23,31.37899999999998
benzene,C1=CC=CC=C1,71-43-2,biofuel,78.11399999999999,78.046950192,1.6866,0.0,0.0,0.0,0.0,26.441999999999993
toluene,CC1=CC=CC=C1,108-88-3,biofuel,92.14099999999999,92.062600256,1.99502,0.0,0.0,0.0,0.0,31.17899999999999
styrene,C=CC1=CC=CC=C1,100-42-5,biofuel,104.15199999999997,104.062600256,2.3296,0.0,0.0,1.0,0.0,36.53300000000001
4-Methyl-1-Hexene,CCC(C)CC=C,3769-23-1,biofuel,98.189,98.109550448,2.608600000000001,0.0,0.0,3.0,0.0,34.26899999999999
4-Methyl-1-Pentene,CC(C)CC=C,691-37-2,biofuel,84.16199999999999,84.093900384,2.2184999999999997,0.0,0.0,2.0,0.0,29.651999999999983
4-Methyl-2-Pentene,CC=CC(C)C,4461-48-7,biofuel,84.162,84.093900384,2.2184999999999997,0.0,0.0,1.0,0.0,29.651999999999983
4-Methylheptane,CCCC(C)CCC,589-53-7,biofuel,114.232,114.14085057599999,3.2227000000000023,0.0,0.0,4.0,0.0,38.98
4-Octene,CCCC=CCCC,592-99-4,biofuel,112.216,112.12520051199999,3.142800000000002,0.0,0.0,4.0,0.0,38.956
"1,2-dimethylbenzene (o-xylene)",CC1=CC=CC=C1C,95-47-6,biofuel,106.16799999999999,106.07825032,2.30344,0.0,0.0,0.0,0.0,35.916
"1,3-dimethylbenzene (m-Xylene)",CC1=CC(=CC=C1)C,108-38-3,biofuel,106.16799999999998,106.07825032,2.30344,0.0,0.0,0.0,0.0,35.916000000000004
"1,4-dimethylbenzene (p-Xylene)",CC1=CC=C(C=C1)C,106-42-3,biofuel,106.16799999999999,106.07825032,2.30344,0.0,0.0,0.0,0.0,35.916
ethylbenzene,CCC1=CC=CC=C1,100-41-4,biofuel,106.16799999999996,106.07825032,2.2490000000000006,0.0,0.0,1.0,0.0,35.82
Indane,C1CC2=CC=CC=C2C1,496-11-7,biofuel,118.17899999999997,118.07825032,2.1753,0.0,0.0,0.0,0.0,38.46700000000001
Propenylbenzene,CC=CC1=CC=CC=C1,637-50-3,biofuel,118.17899999999996,118.07825032,2.7197000000000005,0.0,0.0,1.0,0.0,41.15000000000002
n-propylbenzene,CCCC1=CC=CC=C1,103-65-1,biofuel,120.19499999999995,120.093900384,2.639100000000001,0.0,0.0,2.0,0.0,40.43700000000001
"1,2,3-trimethylbenzene",CC1=C(C(=CC=C1)C)C,526-73-8,biofuel,120.19499999999996,120.093900384,2.611860000000001,0.0,0.0,0.0,0.0,40.65300000000001
"1,2,4-trimethylbenzene",CC1=CC(=C(C=C1)C)C,95-63-6,biofuel,120.19499999999998,120.093900384,2.611860000000001,0.0,0.0,0.0,0.0,40.65300000000001
"1,3,5-trimethylbenzene",CC1=CC(=CC(=C1)C)C,108-67-8,biofuel,120.19499999999998,120.093900384,2.611860000000001,0.0,0.0,0.0,0.0,40.65300000000001
"2,4-Dimethyl-2-pentene",CC(C)C=C(C)C,625-65-0,biofuel,98.189,98.109550448,2.608600000000001,0.0,0.0,1.0,0.0,34.26899999999999
"2,2,4-Trimethylpentane",CC(C)CC(C)(C)C,540-84-1,biofuel,114.23199999999999,114.14085057599999,3.0786000000000016,0.0,0.0,1.0,0.0,38.91
3-Methyl-2-butanone,CC(C)C(=O)C,563-80-4,biofuel,86.13399999999999,86.07316494,1.2314,0.0,1.0,1.0,17.07,25.518999999999988
"2,3,3-Trimethyl-1-Pentene",CCC(C)(C)C(=C)C,560-23-6,biofuel,112.21599999999998,112.12520051199999,2.9987000000000013,0.0,0.0,2.0,0.0,38.886
"2,3,3-Trimethylpentane",CCC(C)(C)C(C)C,560-21-4,biofuel,114.23199999999997,114.14085057599999,3.0786000000000016,0.0,0.0,2.0,0.0,38.91
"2,3,4-Trimethyl-2-Pentene",CC(C)C(=C(C)C)C,565-77-5,biofuel,112.21599999999998,112.12520051199999,2.9987000000000013,0.0,0.0,1.0,0.0,38.886
"2,3,4-Trimethylpentane",CC(C)C(C)C(C)C,565-75-3,biofuel,114.23199999999999,114.14085057599999,2.9345000000000017,0.0,0.0,2.0,0.0,38.839999999999996
"2,4-Dimethyl-1-Pentene",CC(C)CC(=C)C,2213-32-3,biofuel,98.189,98.109550448,2.608600000000001,0.0,0.0,2.0,0.0,34.26899999999999
"2,4-Dimethyl-2-Pentene",CC(C)C=C(C)C,625-65-0,biofuel,98.189,98.109550448,2.608600000000001,0.0,0.0,1.0,0.0,34.26899999999999
"2,4-Dimethyl-3-ethylpentane",CCC(C(C)C)C(C)C,1068-87-7,biofuel,128.259,128.15650064,3.324600000000002,0.0,0.0,3.0,0.0,43.45700000000001
"1,1-Dimethylcyclohexane",CC1(C)CCCCC1,590-66-9,biofuel,112.21600000000001,112.12520051199999,2.976700000000002,0.0,0.0,0.0,0.0,36.86599999999999
"1,1-Dimethylcyclopentane",CC1(CCCC1)C,1638-26-2,biofuel,98.18900000000001,98.109550448,2.5866000000000007,0.0,0.0,0.0,0.0,32.24899999999998
Cyclopentane,CC1CC(C(C1)(C)C)C,287-92-3,biofuel,126.243,126.14085057599999,3.0786000000000016,0.0,0.0,0.0,0.0,41.343
"1,3-Dimethylcyclopentane",CC1CCC(C1)C,2453-00-1,biofuel,98.189,98.109550448,2.442500000000001,0.0,0.0,0.0,0.0,32.17899999999998
2-Methylpiperidine,CC1CCCCN1,109-05-7,biofuel,99.177,99.10479941599999,1.1484,1.0,1.0,0.0,12.03,31.315699999999985
2-Methylpyridine,CC1=CC=CC=N1,109-06-8,biofuel,93.129,93.057849224,1.39002,0.0,1.0,0.0,12.89,28.973999999999993
3-Methylpyridine,CC1=CN=CC=C1,108-99-6,biofuel,93.12899999999998,93.057849224,1.39002,0.0,1.0,0.0,12.89,28.973999999999993
4-Methylpyridine,CC1=CC=NC=C1,108-89-4,biofuel,93.12899999999999,93.057849224,1.39002,0.0,1.0,0.0,12.89,28.973999999999993
Aniline,C1=CC=C(C=C1)N,62-53-3,biofuel,93.12899999999999,93.057849224,1.2687999999999997,1.0,1.0,0.0,26.02,30.854400000000002
N-methylaniline,CNC1=CC=CC=C1,100-61-8,biofuel,107.15599999999998,107.073499288,1.7283,1.0,1.0,1.0,12.03,35.98870000000001
Indole,C1=CC=C2C(=C1)C=CN2,120-72-9,biofuel,117.15099999999997,117.057849224,2.1678999999999995,1.0,0.0,0.0,15.79,38.29870000000002
Quinoline,C1=CC=C2C(=C1)C=CC=N2,91-22-5,biofuel,129.16199999999995,129.057849224,2.2348,0.0,1.0,0.0,12.89,41.743000000000016
Dibenzopyrrole,C1=CC=C2C(=C1)C3=CC=CC=C3N2,86-74-8,biofuel,167.21099999999998,167.073499288,3.3211000000000013,1.0,0.0,0.0,15.79,55.804700000000025
Phenol,C1=CC=C(C=C1)O,108-95-2,biofuel,94.11299999999997,94.041864812,1.3921999999999997,1.0,1.0,0.0,20.23,28.106799999999993
Anisole,COC1=CC=CC=C1,100-66-3,biofuel,108.13999999999997,108.057514876,1.6952,0.0,1.0,1.0,9.23,32.99399999999999
Benzyl alcohol,C1=CC=C(C=C1)CO,100-51-6,biofuel,108.13999999999997,108.057514876,1.1788999999999998,1.0,1.0,1.0,20.23,32.364799999999995
O-Cresol,CC1=CC=CC=C1O,95-48-7,biofuel,108.13999999999999,108.057514876,1.70062,1.0,1.0,0.0,20.23,32.843799999999995
M-Cresol,CC1=CC(=CC=C1)O,108-39-4,biofuel,108.13999999999997,108.057514876,1.7006199999999996,1.0,1.0,0.0,20.23,32.843799999999995
P-Cresol,CC1=CC=C(C=C1)O,106-44-5,biofuel,108.13999999999999,108.057514876,1.7006199999999996,1.0,1.0,0.0,20.23,32.843799999999995
Benzaldehyde,C1=CC=C(C=C1)C=O,100-52-7,biofuel,106.12399999999997,106.041864812,1.4990999999999999,0.0,1.0,1.0,17.07,31.829499999999996
Phenetole,CCOC1=CC=CC=C1,103-73-1,biofuel,122.16699999999996,122.07316494,2.0853,0.0,1.0,2.0,9.23,37.61100000000001
4-Methylanisole,CC1=CC=C(C=C1)OC,104-93-8,biofuel,122.16699999999999,122.07316494,2.0036199999999997,0.0,1.0,1.0,9.23,37.73100000000001
1-Phenylethanol,CC(C1=CC=CC=C1)O,98-85-1,biofuel,122.16699999999996,122.07316494,1.7399,1.0,1.0,1.0,20.23,37.0758
2-Phenylethanol ,C1=CC=C(C=C1)CCO,1960/12/8,biofuel,122.16699999999997,122.07316494,1.2213999999999998,1.0,1.0,2.0,20.23,37.23180000000001
"2,4-Xylenol",CC1=CC(=C(C=C1)O)C,105-67-9,biofuel,122.16699999999997,122.07316494,2.0090399999999997,1.0,1.0,0.0,20.23,37.5808
Cinnamaldehyde,C1=CC=C(C=C1)C=CC=O,104-55-2,biofuel,132.16199999999995,132.057514876,1.8987,0.0,1.0,2.0,17.07,41.54000000000002
4-Propylanisole,CCCC1=CC=C(C=C1)OC,104-45-0,biofuel,150.22099999999995,150.104465068,2.6477000000000004,0.0,1.0,3.0,9.23,46.98900000000003
Guaiacol,COC1=CC=CC=C1O,1990/5/1,biofuel,124.13899999999997,124.052429496,1.4008,1.0,2.0,1.0,29.46,34.6588
4-Methylguaiacol,CC1=CC(=C(C=C1)O)OC,93-51-6,biofuel,138.16599999999997,138.06807956,1.7092199999999997,1.0,2.0,1.0,29.46,39.39580000000001
4-Ethylguaiacol,CCC1=CC(=C(C=C1)O)OC,2785-89-9,biofuel,152.19299999999996,152.083729624,1.9631999999999996,1.0,2.0,2.0,29.46,44.03680000000003
Pentane,CCCCC,109-66-0,biofuel,72.151,72.093900384,2.1965000000000003,0.0,0.0,2.0,0.0,25.19899999999999
Methylamine,CN,74-89-5,biofuel,31.058,31.042199159999996,-0.4251,1.0,1.0,0.0,26.02,10.111400000000001
Ethylamine,CCN,1975/4/7,biofuel,45.084999999999994,45.057849223999995,-0.03499999999999981,1.0,1.0,0.0,26.02,14.728400000000002
2-Methylheptane,CCCCCC(C)C,592-27-8,biofuel,114.23199999999999,114.14085057599999,3.2227000000000023,0.0,0.0,4.0,0.0,38.98
3-Methylheptane,CCCCC(C)CC,589-81-1,biofuel,114.23199999999999,114.14085057599999,3.2227000000000023,0.0,0.0,4.0,0.0,38.98
4-Methylheptane,CCCC(C)CCC,589-53-7,biofuel,114.232,114.14085057599999,3.2227000000000023,0.0,0.0,4.0,0.0,38.98
3-Methyltetrahydrofuran,CC1CCOC1,13423-15-9,not biofuel,86.134,86.07316494,1.0428,0.0,1.0,0.0,9.23,24.59999999999999
"5-Methyl-2,3-dihydrofuran",CC1=CCCO1,1487-15-6,not biofuel,84.11800000000001,84.057514876,1.3105,0.0,1.0,0.0,9.23,24.32599999999999
2-Methyloxane,CC1CCCCO1,10141-72-7,not biofuel,100.161,100.088815004,1.5754000000000001,0.0,1.0,0.0,9.23,29.264999999999983
3-Methyloxane,CC1CCCOC1,26093-63-0,not biofuel,100.161,100.088815004,1.4329,0.0,1.0,0.0,9.23,29.216999999999985
4-Methyloxane,CC1CCOCC1,4717-96-8,not biofuel,100.161,100.088815004,1.4329,0.0,1.0,0.0,9.23,29.216999999999985
2-Ethyloxane,CCC1CCCCO1,3857-14-5,not biofuel,114.188,114.104465068,1.9655,0.0,1.0,1.0,9.23,33.88199999999999
3-Ethyloxane,CCC1CCCOC1,31468-34-5,not biofuel,114.188,114.104465068,1.823,0.0,1.0,1.0,9.23,33.83399999999999
4-Ethyloxane,CCC1CCOCC1,,not biofuel,114.188,114.104465068,1.823,0.0,1.0,1.0,9.23,33.83399999999999
"2,6-Dimethyloxane",CC1CCCC(C)O1,73237-48-6,not biofuel,114.18799999999999,114.104465068,1.9639,0.0,1.0,0.0,9.23,33.859999999999985
"2,3,5-Trimethyltetrahydrofuran",CC1CC(C)C(C)O1,2060048-64-6,not biofuel,114.18799999999999,114.104465068,1.8197999999999999,0.0,1.0,0.0,9.23,33.789999999999985
2-Propyltetrahydrofuran,CCCC1CCCO1,3208-22-8,not biofuel,114.188,114.104465068,1.9655,0.0,1.0,2.0,9.23,33.88199999999999
2-Propyloxane,CCCC1CCCCO1,3857-17-8,not biofuel,128.215,128.120115132,2.355600000000001,0.0,1.0,2.0,9.23,38.499
"2,3,4,5-Tetramethyltetrahydrofuran",CC1OC(C)C(C)C1C,,not biofuel,128.21499999999997,128.120115132,2.0658,0.0,1.0,0.0,9.23,38.336999999999996
2-Isobutyltetrahydrofuran,CC(C)CC1CCCO1,651057-21-5,not biofuel,128.215,128.120115132,2.2115,0.0,1.0,2.0,9.23,38.429
"2,5-Dimethoxytetrahydrofuran",COC1CCC(OC)O1,696-59-3,not biofuel,132.159,132.078644244,0.7418,0.0,3.0,2.0,27.69,31.912999999999982
"2,5-Dimethoxy-2,5-dihydrofuran",COC1OC(OC)C=C1,332-77-4,not biofuel,130.143,130.06299418,0.5178,0.0,3.0,2.0,27.69,31.81899999999998
"2,3-Dimethyltetrahydrofuran",CC1CCOC1C,16251-73-3,not biofuel,100.16099999999999,100.088815004,1.4313,0.0,1.0,0.0,9.23,29.194999999999986
"2,5-Dimethyltetrahydrofuran",CC1CCC(C)O1,1003-38-9,not biofuel,100.16099999999999,100.088815004,1.5737999999999999,0.0,1.0,0.0,9.23,29.242999999999984
"2,4-Dimethyltetrahydrofuran",CC1COC(C)C1,64265-26-5,not biofuel,100.16099999999999,100.088815004,1.4313,0.0,1.0,0.0,9.23,29.194999999999986
2-Ethyltetrahydrofuran,CCC1CCCO1,1003-30-1,not biofuel,100.161,100.088815004,1.5754000000000001,0.0,1.0,1.0,9.23,29.264999999999983
2-Ethyloxane,CCC1CCCCO1,3857-14-5,not biofuel,114.188,114.104465068,1.9655,0.0,1.0,1.0,9.23,33.88199999999999
2-Methoxy-2-methylpropane,COC(C)(C)C,1634-04-4,not biofuel,88.14999999999999,88.088815004,1.4313,0.0,1.0,0.0,9.23,26.761999999999986
tert-Amyl methylether,CCC(C)(C)OC,994-05-8,not biofuel,102.17699999999998,102.104465068,1.8214000000000001,0.0,1.0,2.0,9.23,31.37899999999998
2-Propoxypropane,CCCOC(C)C,627-08-7,not biofuel,102.17699999999998,102.104465068,1.8214000000000001,0.0,1.0,3.0,9.23,31.378999999999984
2-Isopropoxypropane,CC(C)OC(C)C,108-20-3,not biofuel,102.17699999999999,102.104465068,1.8197999999999999,0.0,1.0,2.0,9.23,31.356999999999978
tert-Amyl ethylether,CCOC(C)(C)CC,919-94-8,not biofuel,116.204,116.120115132,2.2115,0.0,1.0,3.0,9.23,35.99599999999999
"1,1-Dimethylethyl 2-methylpropanoate",CC(C)C(=O)OC(C)(C)C,16889-72-8,not biofuel,144.21399999999997,144.115029752,1.9841,0.0,2.0,1.0,26.3,40.68300000000001
"2,2-Dimethylpropyl propanoate",CCC(=O)OCC(C)(C)C,3581-69-9,not biofuel,144.21399999999997,144.115029752,1.9857,0.0,2.0,2.0,26.3,40.705000000000005
"1,3-Dimethylbutyl acetate",CC(C)CC(C)OC(C)=O,108-84-9,not biofuel,144.21399999999997,144.115029752,1.9841,0.0,2.0,3.0,26.3,40.68300000000001
"2,3-Dimethylbutyl acetate",CC(C)C(C)COC(C)=O,71412-26-5,not biofuel,144.21399999999997,144.115029752,1.8416000000000001,0.0,2.0,3.0,26.3,40.635000000000005
"1,1,2-Trimethylpropyl acetate",CC(C)C(C)(C)OC(C)=O,4806-33-1,not biofuel,144.21399999999997,144.115029752,1.9841,0.0,2.0,2.0,26.3,40.68300000000001
"1,2,2-Trimethylpropyl acetate",CC(OC(C)=O)C(C)(C)C,616-51-3,not biofuel,144.21399999999997,144.115029752,1.9841,0.0,2.0,1.0,26.3,40.68300000000001
2-Methylpentyl formate,CCCC(C)COC=O,381670-34-4,not biofuel,130.18699999999998,130.099379688,1.5956,0.0,2.0,5.0,26.3,36.087999999999994
"Methyl 2,2-dimethylpentanoate",CCCC(C)(C)C(=O)OC,813-68-3,not biofuel,144.21399999999997,144.115029752,1.9857,0.0,2.0,3.0,26.3,40.705000000000005
"Methyl 3,3-dimethylpentanoate",CCC(C)(C)CC(=O)OC,101186-01-0,not biofuel,144.21399999999997,144.115029752,1.9857,0.0,2.0,3.0,26.3,40.705000000000005
"Ethyl 2,2-dimethylbutanoate",CCOC(=O)C(C)(C)CC,5129-40-8,not biofuel,144.21399999999997,144.115029752,1.9857,0.0,2.0,3.0,26.3,40.705000000000005
"Ethyl 3,3-dimethylbutanoate",CCOC(=O)CC(C)(C)C,5340-78-3,not biofuel,144.21399999999997,144.115029752,1.9857,0.0,2.0,2.0,26.3,40.705000000000005
"Ethyl 2,3-dimethylbutanoate",CCOC(=O)C(C)C(C)C,54004-42-1,not biofuel,144.21399999999997,144.115029752,1.8416000000000001,0.0,2.0,3.0,26.3,40.635000000000005
1-Methylpropyl 2-methylpropanoate,CCC(C)OC(=O)C(C)C,23412-21-7,not biofuel,144.21399999999997,144.115029752,1.9841,0.0,2.0,3.0,26.3,40.68300000000001
"Methyl 2,3-dimethylpentanoate",CCC(C)C(C)C(=O)OC,21641-66-7,not biofuel,144.21399999999997,144.115029752,1.8416000000000001,0.0,2.0,3.0,26.3,40.635000000000005
"Methyl 2,4-dimethylpentanoate",COC(=O)C(C)CC(C)C,71672-33-8,not biofuel,144.21399999999997,144.115029752,1.8416,0.0,2.0,3.0,26.3,40.635000000000005
"Methyl 3,4-dimethylpentanoate",COC(=O)CC(C)C(C)C,30288-22-3,not biofuel,144.21399999999997,144.115029752,1.8416,0.0,2.0,3.0,26.3,40.635000000000005
"Ethyl 2,2-dimethylbutanoate",CCOC(=O)C(C)(C)CC,5129-40-8,not biofuel,144.21399999999997,144.115029752,1.9857,0.0,2.0,3.0,26.3,40.705000000000005
"2,2-Dimethylcyclohexanone",CC1(CCCCC1=O)C,1193-47-1,not biofuel,126.199,126.104465068,2.1557000000000004,0.0,1.0,0.0,17.07,37.25599999999999
"3,3-Dimethylcyclohexanone",CC1(CCCC(=O)C1)C,2979-19-3,not biofuel,126.199,126.104465068,2.1557000000000004,0.0,1.0,0.0,17.07,37.25599999999999
"4,4-Dimethylcyclohexanone",CC1(CCC(=O)CC1)C,4255-62-3,not biofuel,126.199,126.104465068,2.1557000000000004,0.0,1.0,0.0,17.07,37.25599999999999
"2,3-Dimethylcyclohexanone",CC1CCCC(=O)C1C,13395-76-1,not biofuel,126.19899999999998,126.104465068,2.0116,0.0,1.0,0.0,17.07,37.18599999999999
"2,4-Dimethylcyclohexanone",CC1CCC(=O)C(C1)C,823-55-2,not biofuel,126.19899999999998,126.104465068,2.0116,0.0,1.0,0.0,17.07,37.18599999999999
"2,5-Dimethylcyclohexanone",CC1CCC(C(=O)C1)C,932-51-4,not biofuel,126.19899999999998,126.104465068,2.0116,0.0,1.0,0.0,17.07,37.18599999999999
"3,4,4-Trimethyl-2-pentanone",CC(C(C)=O)C(C)(C)C,5340-45-4,not biofuel,128.21499999999997,128.120115132,2.2576,0.0,1.0,1.0,17.07,39.3
"2,2,4-Trimethyl-3-pentanone",CC(C)C(=O)C(C)(C)C,5857-36-3,not biofuel,128.21499999999997,128.120115132,2.2576,0.0,1.0,1.0,17.07,39.3
"2,4-Dimethyl-3-hexanone",CCC(C)C(=O)C(C)C,18641-70-8,not biofuel,128.21499999999997,128.120115132,2.2576,0.0,1.0,3.0,17.07,39.3
"2,5-Dimethyl-3-hexanone",CC(C)CC(=O)C(C)C,1888-57-9,not biofuel,128.21499999999997,128.120115132,2.2576,0.0,1.0,3.0,17.07,39.3
"4,5-Dimethyl-3-hexanone",CCC(=O)C(C)C(C)C,6137-14-0,not biofuel,128.21499999999997,128.120115132,2.2576,0.0,1.0,3.0,17.07,39.3
"3,3-Dimethyl-2-pentanone",CCC(C)(C)C(C)=O,20669-04-9,not biofuel,114.18799999999997,114.104465068,2.0116,0.0,1.0,2.0,17.07,34.752999999999986
"4,4-Dimethyl-2-pentanone",CC(=O)CC(C)(C)C,590-50-1,not biofuel,114.18799999999999,114.104465068,2.0116,0.0,1.0,1.0,17.07,34.752999999999986
"3,4-Dimethyl-2-pentanone",CC(C)C(C)C(C)=O,565-78-6,not biofuel,114.18799999999999,114.104465068,1.8675,0.0,1.0,2.0,17.07,34.682999999999986
"2,4-Dimethyl-3-pentanone",CC(C)C(=O)C(C)C,565-80-0,not biofuel,114.18799999999997,114.104465068,1.8675,0.0,1.0,2.0,17.07,34.682999999999986
3-Ethyl-2-pentanone,CCC(CC)C(C)=O,6137/3/7,not biofuel,114.18799999999999,114.104465068,2.0116,0.0,1.0,3.0,17.07,34.752999999999986
3-Hexanol,CCCC(O)CC,623-37-0,not biofuel,102.17699999999999,102.104465068,1.5574,1.0,1.0,3.0,20.23,31.205799999999982
"2,2-Dimethylpentanol",CCCC(C)(C)CO,2370/12/9,not biofuel,116.20399999999998,116.120115132,1.8050000000000002,1.0,1.0,3.0,20.23,35.77479999999999
"3,3-Dimethylpentanol",CCC(C)(C)CCO,19264-94-9,not biofuel,116.20399999999998,116.120115132,1.8050000000000002,1.0,1.0,3.0,20.23,35.77479999999999
"4,4-Dimethylpentanol",CC(C)(C)CCCO,3121-79-7,not biofuel,116.204,116.120115132,1.8050000000000002,1.0,1.0,2.0,20.23,35.77479999999999
"2,3,3-Trimethylbutanol",CC(CO)C(C)(C)C,36794-64-6,not biofuel,116.204,116.120115132,1.6609,1.0,1.0,1.0,20.23,35.70479999999999
2-Methyl-2-hexanol,CCCCC(C)(C)O,625-23-0,not biofuel,116.20399999999998,116.120115132,1.9475000000000002,1.0,1.0,3.0,20.23,35.822799999999994
3-Methyl-3-hexanol,CCCC(C)(O)CC,597-96-6,not biofuel,116.20399999999998,116.120115132,1.9475,1.0,1.0,3.0,20.23,35.822799999999994
2-Phenylpentane,CCCC(C)C1=CC=CC=C1,2719-52-0,not biofuel,148.249,148.125200512,3.590200000000002,0.0,0.0,3.0,0.0,49.76500000000004
tert-Amylbenzene,CCC(C)(C)C1=CC=CC=C1,2049-95-8,not biofuel,148.24899999999997,148.125200512,3.374200000000002,0.0,0.0,2.0,0.0,49.75900000000004
n-Decylbenzene,CCCCCCCCCCC1=CC=CC=C1,104-72-3,not biofuel,218.38400000000001,218.203450832,5.369800000000005,0.0,0.0,9.0,0.0,72.75600000000006
1-Methyl-4-(Trans-1-n-Propenyl)Benzene,CC=CC1=CC=C(C=C1)C,2077-30-7,not biofuel,132.20599999999996,132.093900384,3.0281200000000013,0.0,0.0,1.0,0.0,45.88700000000003
1-Methyl-4-allylbenzene,CC1=CC=C(C=C1)CC=C,3333-13-9,not biofuel,132.206,132.093900384,2.7235200000000006,0.0,0.0,2.0,0.0,45.08000000000003
2-Phenyl-1-Butene,CCC(=C)C1=CC=CC=C1,2039-93-2,not biofuel,132.20599999999996,132.093900384,3.1098000000000017,0.0,0.0,2.0,0.0,45.76700000000003
"1,2,3,4-Tetrahydronaphthalene",C1CCC2=CC=CC=C2C1,119-64-2,not biofuel,132.20599999999996,132.093900384,2.5654000000000003,0.0,0.0,0.0,0.0,43.084000000000024
2-Phenylpentane,CCCC(C)C1=CC=CC=C1,2719-52-0,not biofuel,148.249,148.125200512,3.590200000000002,0.0,0.0,3.0,0.0,49.76500000000004
tert-Amylbenzene,CCC(C)(C)C1=CC=CC=C1,2049-95-8,not biofuel,148.24899999999997,148.125200512,3.374200000000002,0.0,0.0,2.0,0.0,49.75900000000004
n-Decylbenzene,CCCCCCCCCCC1=CC=CC=C1,104-72-3,not biofuel,218.38400000000001,218.203450832,5.369800000000005,0.0,0.0,9.0,0.0,72.75600000000006
"1,4-Diethylbenzene",CCC1=CC=C(C=C1)CC,105-05-5,not biofuel,134.22199999999998,134.109550448,2.811400000000001,0.0,0.0,2.0,0.0,45.19800000000003
"1,2-Dimethyl-3-ethylbenzene",CCC1=CC=CC(=C1C)C,933-98-2,not biofuel,134.22199999999998,134.109550448,2.8658400000000013,0.0,0.0,1.0,0.0,45.294000000000025
"1,3-Dimethyl-4-ethylbenzene",CCC1=C(C)C=C(C)C=C1,874-41-9,not biofuel,134.22199999999998,134.109550448,2.8658400000000013,0.0,0.0,1.0,0.0,45.294000000000025
"1,3-Dimethyl-5-ethylbenzene",CCC1=CC(=CC(=C1)C)C,934-74-7,not biofuel,134.22199999999998,134.109550448,2.8658400000000013,0.0,0.0,1.0,0.0,45.294000000000025
Indane (hydrindene),C1CC2=CC=CC=C2C1,496-11-7,not biofuel,118.17899999999997,118.07825032,2.1753,0.0,0.0,0.0,0.0,38.46700000000001
cis-1-Propenylbenzene,CC=CC1=CC=CC=C1,766-90-5,not biofuel,118.17899999999996,118.07825032,2.7197000000000005,0.0,0.0,1.0,0.0,41.15000000000002
trans-1-Propenylbenzene,CC=CC1=CC=CC=C1,873-66-5,not biofuel,118.17899999999996,118.07825032,2.7197000000000005,0.0,0.0,1.0,0.0,41.15000000000002
2-Phenylpropene,CC(=C)C1=CC=CC=C1,98-83-9,not biofuel,118.17899999999996,118.07825032,2.7197000000000005,0.0,0.0,1.0,0.0,41.15000000000002
sec-Butylbenzene,CCC(C)C1=CC=CC=C1,135-98-8,not biofuel,134.22199999999998,134.109550448,3.2001000000000017,0.0,0.0,2.0,0.0,45.14800000000003
"1,4-Cyclohexadiene",C1C=CCC=C1,628-41-1,not biofuel,80.12999999999998,80.062600256,1.8926,0.0,0.0,0.0,0.0,27.51399999999999
"2-Methyl-1,5-Hexadiene",CC(=C)CCC=C,4049-81-4,not biofuel,96.173,96.093900384,2.5287000000000006,0.0,0.0,3.0,0.0,34.24499999999999
"2-Methyl-2,4-Hexadiene",CC=CC=C(C)C,28823-41-8,not biofuel,96.173,96.093900384,2.5287000000000006,0.0,0.0,1.0,0.0,34.24499999999999
"1-Methyl-1,4-cyclohexadiene",CC1=CCC=CC1,4313-57-9,not biofuel,94.157,94.07825032,2.2827,0.0,0.0,0.0,0.0,32.130999999999986
"2,5-Dimethyl-1,5-hexadiene",CC(=C)CCC(=C)C,627-58-7,not biofuel,110.2,110.109550448,2.918800000000002,0.0,0.0,3.0,0.0,38.862
"2,5-Dimethyl-2,4-hexadiene",CC(=CC=C(C)C)C,764-13-6,not biofuel,110.2,110.109550448,2.918800000000002,0.0,0.0,1.0,0.0,38.862
"2,6-Octadiene",CC=CCCC=CC,4974-27-0,not biofuel,110.19999999999999,110.109550448,2.918800000000002,0.0,0.0,3.0,0.0,38.862
"2,6-Dimethyl-1,5-Heptadiene",CC(=CCCC(=C)C)C,6709-39-3,not biofuel,124.227,124.12520051199999,3.308900000000002,0.0,0.0,3.0,0.0,43.47900000000001
Dicyclopentadiene,C1C=CC2C1C3CC2C=C3,77-73-6,not biofuel,132.206,132.093900384,2.3846000000000007,0.0,0.0,0.0,0.0,41.47400000000001
"4-Ethynyl-4-vinyl-1,6-heptadiene",C=CCC(CC=C)(C=C)C#C,19781-40-9,not biofuel,146.23299999999998,146.109550448,2.9442000000000013,0.0,0.0,5.0,0.0,51.09100000000002
1-Ethylcyclopentene,CCC1=CCCC1,2146-38-5,not biofuel,96.173,96.093900384,2.5067000000000004,0.0,0.0,1.0,0.0,32.22499999999999
3-Ethylcyclopentene,CCC1CCC=C1,694-35-9,not biofuel,96.17299999999999,96.093900384,2.3626000000000005,0.0,0.0,1.0,0.0,32.15499999999999
Cycloheptene,C1CCC=CCC1,628-92-2,not biofuel,96.173,96.093900384,2.5067000000000004,0.0,0.0,0.0,0.0,32.22499999999999
"1,5,5-Trimethylcyclopentene",CC1=CCCC1(C)C,62184-83-2,not biofuel,110.2,110.109550448,2.752700000000001,0.0,0.0,0.0,0.0,36.772
1-Propylcyclopentene,CCCC1=CCCC1,3074-61-1,not biofuel,110.19999999999999,110.109550448,2.8968000000000016,0.0,0.0,2.0,0.0,36.842
1-Ethylcyclohexene,CCC1=CCCCC1,1453-24-3,not biofuel,110.2,110.109550448,2.8968000000000016,0.0,0.0,1.0,0.0,36.842
1-Methylcycloheptene,CC1=CCCCCC1,1453-25-4,not biofuel,110.20000000000002,110.109550448,2.8968000000000016,0.0,0.0,0.0,0.0,36.842
Propadiene,C=C=C,463-49-0,not biofuel,40.06499999999999,40.031300128,0.9572999999999999,0.0,0.0,0.0,0.0,14.767000000000001
"1,2-Butadiene",CC=C=C,590-19-2,not biofuel,54.09199999999999,54.046950192,1.3474,0.0,0.0,0.0,0.0,19.383999999999997
"3-Methyl-1,2-butadiene",CC(=C=C)C,598-25-4,not biofuel,68.119,68.062600256,1.7375,0.0,0.0,0.0,0.0,24.00099999999999
"1,2-Pentadiene",CCC=C=C,591-95-7,not biofuel,68.119,68.062600256,1.7375,0.0,0.0,1.0,0.0,24.00099999999999
"1,4-Pentadiene",C=CCC=C,591-93-5,not biofuel,68.119,68.062600256,1.7485,0.0,0.0,2.0,0.0,25.01099999999999
"2,3-Pentadiene",CC=C=CC,591-96-8,not biofuel,68.119,68.062600256,1.7375,0.0,0.0,0.0,0.0,24.00099999999999
3-Ethyl-4-methyl-2-pentene,CCC(=CC)C(C)C,19780-68-8,not biofuel,112.21599999999998,112.12520051199999,2.9987000000000013,0.0,0.0,2.0,0.0,38.886
"2,3,4-Trimethyl-2-pentene",CC(C)C(C)=C(C)C,565-77-5,not biofuel,112.21599999999998,112.12520051199999,2.9987000000000013,0.0,0.0,1.0,0.0,38.886
"3,4,4-Trimethyl-2-pentene",CC=C(C)C(C)(C)C,598-96-9,not biofuel,112.21599999999998,112.12520051199999,2.9987000000000013,0.0,0.0,0.0,0.0,38.886
"2-Ethyl-3,3-dimethyl-1-butene",CCC(=C)C(C)(C)C,18231-53-3,not biofuel,112.21599999999998,112.12520051199999,2.9987000000000013,0.0,0.0,1.0,0.0,38.886
Cyclopropene,C1C=C1,2781-85-3,not biofuel,40.065,40.031300128,0.9463,0.0,0.0,0.0,0.0,13.757000000000001
Cyclobutene,C1CC=C1,822-35-5,not biofuel,54.092000000000006,54.046950192,1.3364,0.0,0.0,0.0,0.0,18.374
3-Ethyl-2-methyl-1-pentene,CCC(CC)C(C)=C,19780-66-6,not biofuel,112.216,112.12520051199999,2.9987000000000013,0.0,0.0,3.0,0.0,38.885999999999996
3-Ethyl-4-methyl-1-pentene,CCC(C=C)C(C)C,61847-80-1,not biofuel,112.216,112.12520051199999,2.8546000000000014,0.0,0.0,3.0,0.0,38.816
"2,3,3-Trimethyl-1-pentene",CCC(C)(C)C(C)=C,560-23-6,not biofuel,112.21599999999998,112.12520051199999,2.9987000000000013,0.0,0.0,2.0,0.0,38.885999999999996
"2,3,4-trimethyl-1-pentene",CC(C)C(C)C(C)=C,565-76-4,not biofuel,112.216,112.12520051199999,2.8546000000000014,0.0,0.0,2.0,0.0,38.815999999999995
"2,4,4-Trimethyl-1-pentene",CC(=C)CC(C)(C)C,107-39-1,not biofuel,112.216,112.12520051199999,2.9987000000000013,0.0,0.0,1.0,0.0,38.886
"3,3,4-trimethyl-1-pentene",CC(C)C(C)(C)C=C,560-22-5,not biofuel,112.21599999999998,112.12520051199999,2.8546000000000014,0.0,0.0,2.0,0.0,38.815999999999995
"3,4,4-trimethyl-1-pentene",CC(C=C)C(C)(C)C,564-03-4,not biofuel,112.216,112.12520051199999,2.8546000000000014,0.0,0.0,1.0,0.0,38.816
"2,4,4-Trimethyl-2-pentene",CC(C)=CC(C)(C)C,107-40-4,not biofuel,112.216,112.12520051199999,2.9987000000000013,0.0,0.0,0.0,0.0,38.886
1-Hexene,CCCCC=C,592-41-6,biofuel,84.16199999999999,84.093900384,2.3626000000000005,0.0,0.0,3.0,0.0,29.721999999999984
2-Hexene,CCCC=CC,592-43-8,not biofuel,84.16199999999999,84.093900384,2.3626000000000005,0.0,0.0,2.0,0.0,29.721999999999984
3-Hexene,CCC=CCC,592-47-2,not biofuel,84.162,84.093900384,2.3626000000000005,0.0,0.0,2.0,0.0,29.721999999999984
1-Heptene,CCCCCC=C,592-76-7,biofuel,98.189,98.109550448,2.752700000000001,0.0,0.0,4.0,0.0,34.338999999999984
2-Heptene,CCCCC=CC,592-77-8,biofuel,98.18899999999998,98.109550448,2.752700000000001,0.0,0.0,3.0,0.0,34.33899999999999
3-Heptene,CCCC=CCC,592-78-9,not biofuel,98.189,98.109550448,2.752700000000001,0.0,0.0,3.0,0.0,34.33899999999999
3-Ethylhexane,CCCC(CC)CC,619-99-8,not biofuel,114.232,114.14085057599999,3.2227000000000023,0.0,0.0,4.0,0.0,38.98
2-Methyloctane,CCCCCCC(C)C,3221-61-2,biofuel,128.259,128.15650064,3.6128000000000027,0.0,0.0,5.0,0.0,43.59700000000001
3-Methyloctane,CCCCCC(C)CC,2216-33-3,not biofuel,128.259,128.15650064,3.6128000000000027,0.0,0.0,5.0,0.0,43.59700000000001
4-Methyloctane,CCCCC(C)CCC,2216-34-4,biofuel,128.259,128.15650064,3.6128000000000027,0.0,0.0,5.0,0.0,43.59700000000001
"2,2-Dimethylheptane",CCCCCC(C)(C)C,1071-26-7,not biofuel,128.259,128.15650064,3.6128000000000027,0.0,0.0,3.0,0.0,43.59700000000001
"2,3-Dimethylheptane",CCCCC(C)C(C)C,3074-71-3,not biofuel,128.25899999999996,128.15650064,3.468700000000003,0.0,0.0,4.0,0.0,43.52700000000001
"2,5-Dimethylheptane",CCC(C)CCC(C)C,2216-30-0,not biofuel,128.259,128.15650064,3.468700000000003,0.0,0.0,4.0,0.0,43.52700000000001
"2,6-Dimethylheptane",CC(C)CCCC(C)C,1072-05-5,not biofuel,128.259,128.15650064,3.468700000000003,0.0,0.0,4.0,0.0,43.52700000000001
"3,3-Dimethylheptane",CCCCC(C)(C)CC,4032-86-4,not biofuel,128.259,128.15650064,3.6128000000000027,0.0,0.0,4.0,0.0,43.59700000000001
"3,4-Dimethylheptane",CCCC(C)C(C)CC,922-28-1,not biofuel,128.259,128.15650064,3.468700000000003,0.0,0.0,4.0,0.0,43.52700000000001
"3,5-Dimethylheptane",CCC(C)CC(C)CC,926-82-9,not biofuel,128.259,128.15650064,3.468700000000003,0.0,0.0,4.0,0.0,43.52700000000001
n-Propylcyclohexane,CCCC1CCCCC1,1678-92-8,not biofuel,126.24300000000001,126.14085057599999,3.3668000000000022,0.0,0.0,2.0,0.0,41.483000000000004
n-Propylcyclopentane,CCCC1CCCC1,2040-96-2,not biofuel,112.21600000000001,112.12520051199999,2.976700000000002,0.0,0.0,2.0,0.0,36.86599999999999
"cis-1,3-Dimethylcyclopentane",CC1CCC(C1)C,2532-58-3,not biofuel,98.189,98.109550448,2.442500000000001,0.0,0.0,0.0,0.0,32.17899999999998
iso-Butylbenzene,CC(C)CC1=CC=CC=C1,538-93-2,biofuel,134.22199999999998,134.109550448,2.8851000000000013,0.0,0.0,2.0,0.0,44.98400000000003
sec-Butylbenzene,CCC(C)C1=CC=CC=C1,135-98-8,not biofuel,134.22199999999998,134.109550448,3.2001000000000017,0.0,0.0,2.0,0.0,45.14800000000003
"1,4-Dimethylcyclohexane",CC1CCC(C)CC1,589-90-2,not biofuel,112.216,112.12520051199999,2.832600000000001,0.0,0.0,0.0,0.0,36.79599999999999
2-Methyl-1-heptene,CCCCCC(C)=C,15870-10-7,not biofuel,112.216,112.12520051199999,3.142800000000002,0.0,0.0,4.0,0.0,38.955999999999996
"5,5-Dimethyl-2-hexene",CC=CCC(C)(C)C,36382-10-2,not biofuel,112.216,112.12520051199999,2.9987000000000013,0.0,0.0,1.0,0.0,38.886
"2,2-Dimethyl-3-hexene",CCC=CC(C)(C)C,3123-93-1,not biofuel,112.216,112.12520051199999,2.9987000000000013,0.0,0.0,1.0,0.0,38.886
"2,3-Dimethyl-3-hexene",CCC=C(C)C(C)C,7145-23-5,not biofuel,112.21599999999998,112.12520051199999,2.9987000000000013,0.0,0.0,2.0,0.0,38.886
"2,4-Dimethyl-3-hexene",CCC(C)=CC(C)C,82085-14-1,not biofuel,112.21599999999997,112.12520051199999,2.9987000000000013,0.0,0.0,2.0,0.0,38.886
"2,5-Dimethyl-3-hexene",CC(C)C=CC(C)C,15910-22-2,not biofuel,112.21599999999998,112.12520051199999,2.8546000000000014,0.0,0.0,2.0,0.0,38.816
"2,4-Dimethyl-2-hexene",CCC(C)C=C(C)C,14255-23-3,not biofuel,112.21599999999998,112.12520051199999,2.9987000000000013,0.0,0.0,2.0,0.0,38.886
"2,5-Dimethyl-2-hexene",CC(C)CC=C(C)C,3404-78-2,not biofuel,112.21599999999998,112.12520051199999,2.9987000000000013,0.0,0.0,2.0,0.0,38.886
"3,4-Dimethyl-2-hexene",CCC(C)C(C)=CC,2213-37-8,not biofuel,112.21599999999998,112.12520051199999,2.9987000000000013,0.0,0.0,2.0,0.0,38.886
"3,5-Dimethyl-2-hexene",CC=C(C)CC(C)C,3404-79-3,not biofuel,112.21599999999998,112.12520051199999,2.9987000000000013,0.0,0.0,2.0,0.0,38.886
"4,4-Dimethyl-2-hexene",CCC(C)(C)C=CC,3404-59-9,not biofuel,112.21599999999997,112.12520051199999,2.9987000000000013,0.0,0.0,2.0,0.0,38.886
"4,5-Dimethyl-2-hexene",CC=CC(C)C(C)C,73548-71-7,not biofuel,112.216,112.12520051199999,2.8546000000000014,0.0,0.0,2.0,0.0,38.816
"2,4-Dimethyl-1-hexene",CCC(C)CC(C)=C,16746-87-5,not biofuel,112.216,112.12520051199999,2.9987000000000013,0.0,0.0,3.0,0.0,38.885999999999996
"2,5-Dimethyl-1-hexene",CC(C)CCC(C)=C,6975-92-4,not biofuel,112.216,112.12520051199999,2.9987000000000013,0.0,0.0,3.0,0.0,38.885999999999996
"3,4-Dimethyl-1-hexene",CCC(C)C(C)C=C,16745-94-1,not biofuel,112.21599999999998,112.12520051199999,2.8546000000000014,0.0,0.0,3.0,0.0,38.815999999999995
"3,5-Dimethyl-1-hexene",CC(C)CC(C)C=C,7423-69-0,not biofuel,112.21599999999998,112.12520051199999,2.8546000000000014,0.0,0.0,3.0,0.0,38.815999999999995
"4,5-Dimethyl-1-hexene",CC(C)C(C)CC=C,16106-59-5,not biofuel,112.216,112.12520051199999,2.8546000000000014,0.0,0.0,3.0,0.0,38.815999999999995
"3,3-Dimethyl-1-hexene",CCCC(C)(C)C=C,3404-77-1,not biofuel,112.21599999999998,112.12520051199999,2.9987000000000013,0.0,0.0,3.0,0.0,38.885999999999996
"4,4-Dimethyl-1-hexene",CCC(C)(C)CC=C,1647-08-1,not biofuel,112.21599999999998,112.12520051199999,2.9987000000000013,0.0,0.0,3.0,0.0,38.885999999999996
"5,5-Dimethyl-1-hexene",CC(C)(C)CCC=C,7116-86-1,not biofuel,112.216,112.12520051199999,2.9987000000000013,0.0,0.0,2.0,0.0,38.885999999999996
"2,3-Dimethyl-2-hexene",CCCC(C)=C(C)C,7145-20-2,not biofuel,112.21599999999998,112.12520051199999,3.142800000000002,0.0,0.0,2.0,0.0,38.956
2-methyl-2-heptene,CCCCC=C(C)C,627-97-4,not biofuel,112.21599999999998,112.12520051199999,3.142800000000002,0.0,0.0,3.0,0.0,38.956
3-methyl-2-heptene,CCCCC(C)=CC,3404-75-9,not biofuel,112.21599999999998,112.12520051199999,3.142800000000002,0.0,0.0,3.0,0.0,38.955999999999996
4-methyl-2-heptene,CCCC(C)C=CC,3404-56-6,not biofuel,112.21599999999998,112.12520051199999,2.9987000000000013,0.0,0.0,3.0,0.0,38.886
5-methyl-2-heptene,CCC(C)CC=CC,22487-87-2,not biofuel,112.21599999999998,112.12520051199999,2.9987000000000013,0.0,0.0,3.0,0.0,38.886
6-methyl-2-heptene,CC=CCCC(C)C,73548-72-8,not biofuel,112.216,112.12520051199999,2.9987000000000013,0.0,0.0,3.0,0.0,38.886
2-methyl-3-heptene,CCCC=CC(C)C,17618-76-7,not biofuel,112.21599999999998,112.12520051199999,2.9987000000000013,0.0,0.0,3.0,0.0,38.886
3-methyl-3-heptene,CCCC=C(C)CC,7300-03-0,not biofuel,112.216,112.12520051199999,3.142800000000002,0.0,0.0,3.0,0.0,38.956
4-methyl-3-heptene,CCCC(C)=CCC,4485-16-9,not biofuel,112.21599999999998,112.12520051199999,3.142800000000002,0.0,0.0,3.0,0.0,38.956
5-methyl-3-heptene,CCC=CC(C)CC,13172-91-3,not biofuel,112.216,112.12520051199999,2.9987000000000013,0.0,0.0,3.0,0.0,38.886
"2,3-Dimethyl-1-hexene",CCCC(C)C(C)=C,16746-86-4,not biofuel,112.216,112.12520051199999,2.9987000000000013,0.0,0.0,3.0,0.0,38.885999999999996
Ethylcyclopentane,CCC1CCCC1,1640-89-7,not biofuel,98.18900000000001,98.109550448,2.5866000000000007,0.0,0.0,1.0,0.0,32.24899999999998
"1,1-Dimethylcyclopentane",CC1(C)CCCC1,1638-26-2,not biofuel,98.18900000000001,98.109550448,2.5866000000000007,0.0,0.0,0.0,0.0,32.24899999999998
"1,2-Dimethylcyclopentane",CC1CCCC1C,2452-99-5,not biofuel,98.189,98.109550448,2.442500000000001,0.0,0.0,0.0,0.0,32.17899999999998
"cis-1,3-Dimethylcyclopentane",CC1CCC(C1)C,2532-58-3,not biofuel,98.189,98.109550448,2.442500000000001,0.0,0.0,0.0,0.0,32.17899999999998
Isopropylcyclopentane,CC(C)C1CCCC1,3875-51-2,not biofuel,112.21600000000001,112.12520051199999,2.832600000000001,0.0,0.0,1.0,0.0,36.79599999999999
1-Ethyl-3-methylcyclopentane,CCC1CCC(C)C1,3726-47-4,not biofuel,112.216,112.12520051199999,2.832600000000001,0.0,0.0,1.0,0.0,36.79599999999999
"1,2-Dimethylcyclohexane",CC1CCCCC1C,583-57-3,not biofuel,112.216,112.12520051199999,2.832600000000001,0.0,0.0,0.0,0.0,36.79599999999999
"1,3-Dimethylcyclohexane",CC1CCCC(C)C1,591-21-9,not biofuel,112.216,112.12520051199999,2.832600000000001,0.0,0.0,0.0,0.0,36.79599999999999
"1,4-Dimethylcyclohexane",CC1CCC(C)CC1,589-90-2,not biofuel,112.216,112.12520051199999,2.832600000000001,0.0,0.0,0.0,0.0,36.79599999999999
"1,1,2-Trimethylcyclohexane",CC1CCCCC1(C)C,7094-26-0,not biofuel,126.243,126.14085057599999,3.2227000000000023,0.0,0.0,0.0,0.0,41.413000000000004
"1,1,3-Trimethylcyclohexane",CC1CCCC(C)(C)C1,3073-66-3,not biofuel,126.243,126.14085057599999,3.2227000000000023,0.0,0.0,0.0,0.0,41.413000000000004
"1,2,3-Trimethylcyclohexane",CC1CCCC(C)C1C,1678-97-3,not biofuel,126.24299999999998,126.14085057599999,3.0786000000000016,0.0,0.0,0.0,0.0,41.343
"1,2,4-Trimethylcyclohexane",CC1CCC(C)C(C)C1,2234-75-5,not biofuel,126.24299999999998,126.14085057599999,3.0786000000000016,0.0,0.0,0.0,0.0,41.343
"1,3,5-Trimethylcyclohexane",CC1CC(C)CC(C)C1,1839-63-0,not biofuel,126.243,126.14085057599999,3.0786000000000016,0.0,0.0,0.0,0.0,41.343
"1,1-Dimethylcycloheptane",CC1(C)CCCCCC1,13151-49-0,not biofuel,126.24300000000001,126.14085057599999,3.3668000000000022,0.0,0.0,0.0,0.0,41.483000000000004
Ethylcycloheptane,CCC1CCCCCC1,13151-55-8,not biofuel,126.24300000000001,126.14085057599999,3.3668000000000022,0.0,0.0,1.0,0.0,41.483000000000004
3-Ethylpentane,CCC(CC)CC,617-78-7,not biofuel,100.205,100.12520051199999,2.832600000000001,0.0,0.0,3.0,0.0,34.362999999999985
"2,2,3-Trimethylbutane",CC(C)C(C)(C)C,464-06-2,not biofuel,100.20499999999998,100.12520051199999,2.6885000000000012,0.0,0.0,0.0,0.0,34.292999999999985
2-Methylheptane,CCCCCC(C)C,592-27-8,not biofuel,114.23199999999999,114.14085057599999,3.2227000000000023,0.0,0.0,4.0,0.0,38.98
"2,3-Dimethylhexane",CCCC(C)C(C)C,584-94-1,not biofuel,114.23199999999999,114.14085057599999,3.0786000000000016,0.0,0.0,3.0,0.0,38.91
"2,4-Dimethylhexane",CCC(C)CC(C)C,589-43-5,not biofuel,114.23199999999999,114.14085057599999,3.0786000000000016,0.0,0.0,3.0,0.0,38.91
"2,5-Dimethylhexane",CC(C)CCC(C)C,592-13-2,not biofuel,114.23199999999999,114.14085057599999,3.0786000000000016,0.0,0.0,3.0,0.0,38.91
"3,3-Dimethylhexane",CCCC(C)(C)CC,563-16-6,not biofuel,114.23199999999999,114.14085057599999,3.2227000000000023,0.0,0.0,3.0,0.0,38.98
"2,2-Dimethylhexane",CCCCC(C)(C)C,590-73-8,not biofuel,114.23199999999999,114.14085057599999,3.2227000000000023,0.0,0.0,2.0,0.0,38.98
"3,4-Dimethylhexane",CCC(C)C(C)CC,583-48-2,not biofuel,114.23199999999999,114.14085057599999,3.0786000000000016,0.0,0.0,3.0,0.0,38.91
3-Ethylhexane,CCCC(CC)CC,619-99-8,not biofuel,114.232,114.14085057599999,3.2227000000000023,0.0,0.0,4.0,0.0,38.98
"2,3-Dimethylpentane",CCC(C)C(C)C,565-59-3,not biofuel,100.20499999999998,100.12520051199999,2.6885000000000012,0.0,0.0,2.0,0.0,34.292999999999985
"2,4-Dimethylpentane",CC(C)CC(C)C,108-08-7,not biofuel,100.20499999999998,100.12520051199999,2.6885000000000012,0.0,0.0,2.0,0.0,34.292999999999985
3-Ethylpentane,CCC(CC)CC,617-78-7,not biofuel,100.205,100.12520051199999,2.832600000000001,0.0,0.0,3.0,0.0,34.362999999999985
"2,2,3-Trimethylbutane",CC(C)C(C)(C)C,464-06-2,not biofuel,100.20499999999998,100.12520051199999,2.6885000000000012,0.0,0.0,0.0,0.0,34.292999999999985
2-Methylheptane,CCCCCC(C)C,592-27-8,not biofuel,114.23199999999999,114.14085057599999,3.2227000000000023,0.0,0.0,4.0,0.0,38.98
