Name,SMILES,Type,CAS,MeltingPoint,BoilingPoint,LHV,FlashPoint,Density,OC,MolWt,LFL,UFL
Ethanol,CCO,biofuel,CCO,46.069,46.041864812,46.069,46.069,46.069,46.069,46.069,46.069,46.069
2-propanol,CC(C)O,biofuel,CC(C)O,60.096000000000004,60.057514876,60.096000000000004,60.096000000000004,60.096000000000004,60.096000000000004,60.096000000000004,60.096000000000004,60.096000000000004
1-Propanol,CCCO,biofuel,CCCO,60.096,60.057514876,60.096,60.096,60.096,60.096,60.096,60.096,60.096
2-butanol,CCC(C)O,biofuel,CCC(C)O,74.12299999999999,74.07316494,74.12299999999999,74.12299999999999,74.12299999999999,74.12299999999999,74.12299999999999,74.12299999999999,74.12299999999999
1-butanol,CCCCO,biofuel,CCCCO,74.12299999999999,74.07316494,74.12299999999999,74.12299999999999,74.12299999999999,74.12299999999999,74.12299999999999,74.12299999999999,74.12299999999999
Propane,CCC,biofuel,CCC,44.096999999999994,44.062600255999996,44.096999999999994,44.096999999999994,44.096999999999994,44.096999999999994,44.096999999999994,44.096999999999994,44.096999999999994
Octane,CCCCCCCC,biofuel,CCCCCCCC,114.232,114.14085057599999,114.232,114.232,114.232,114.232,114.232,114.232,114.232
"1,2-Propanediol",OCCO,biofuel,OCCO,62.068000000000005,62.036779432,62.068000000000005,62.068000000000005,62.068000000000005,62.068000000000005,62.068000000000005,62.068000000000005,62.068000000000005
2-Methylpropane,CC(C)C,biofuel,CC(C)C,58.123999999999995,58.078250319999995,58.123999999999995,58.123999999999995,58.123999999999995,58.123999999999995,58.123999999999995,58.123999999999995,58.123999999999995
1-Butene,C=CCC,biofuel,C=CCC,56.10799999999999,56.062600255999996,56.10799999999999,56.10799999999999,56.10799999999999,56.10799999999999,56.10799999999999,56.10799999999999,56.10799999999999
2-Butene,CC=CC,biofuel,CC=CC,56.108000000000004,56.062600255999996,56.108000000000004,56.108000000000004,56.108000000000004,56.108000000000004,56.108000000000004,56.108000000000004,56.108000000000004
1-Pentene,C=CCCC,biofuel,C=CCCC,70.13499999999999,70.07825032,70.13499999999999,70.13499999999999,70.13499999999999,70.13499999999999,70.13499999999999,70.13499999999999,70.13499999999999
1-Hexene,C=CCCCC,biofuel,C=CCCCC,84.16199999999999,84.093900384,84.16199999999999,84.16199999999999,84.16199999999999,84.16199999999999,84.16199999999999,84.16199999999999,84.16199999999999
cis-2-hexene ,C/C=C\CCCC,biofuel,C/C=C\CCCC,98.18900000000001,98.109550448,98.18900000000001,98.18900000000001,98.18900000000001,98.18900000000001,98.18900000000001,98.18900000000001,98.18900000000001
2-Methyl-1-butene,C=C(C)CC,biofuel,C=C(C)CC,70.13499999999999,70.07825032,70.13499999999999,70.13499999999999,70.13499999999999,70.13499999999999,70.13499999999999,70.13499999999999,70.13499999999999
3-Methyl-1-butene,CC=C(C)C,biofuel,CC=C(C)C,70.13499999999999,70.07825032,70.13499999999999,70.13499999999999,70.13499999999999,70.13499999999999,70.13499999999999,70.13499999999999,70.13499999999999
2-Methyl-2-butene,CC=C(C)C,biofuel,CC=C(C)C,70.13499999999999,70.07825032,70.13499999999999,70.13499999999999,70.13499999999999,70.13499999999999,70.13499999999999,70.13499999999999,70.13499999999999
2-Methylpropene,C=C(C)C,biofuel,C=C(C)C,56.10799999999999,56.062600255999996,56.10799999999999,56.10799999999999,56.10799999999999,56.10799999999999,56.10799999999999,56.10799999999999,56.10799999999999
1-Octene,C=CCCCCCC,biofuel,C=CCCCCCC,112.216,112.12520051199999,112.216,112.216,112.216,112.216,112.216,112.216,112.216
2-Octene,CC=CCCCCCC,biofuel,CC=CCCCCCC,126.24300000000001,126.14085057599999,126.24300000000001,126.24300000000001,126.24300000000001,126.24300000000001,126.24300000000001,126.24300000000001,126.24300000000001
1-Heptene,C=CCCCCC,biofuel,C=CCCCCC,98.189,98.109550448,98.189,98.189,98.189,98.189,98.189,98.189,98.189
2-Heptene,CC=CCCCC,biofuel,CC=CCCCC,98.18900000000001,98.109550448,98.18900000000001,98.18900000000001,98.18900000000001,98.18900000000001,98.18900000000001,98.18900000000001,98.18900000000001
3-Heptene,CCC=CCCC,biofuel,CCC=CCCC,98.18900000000001,98.109550448,98.18900000000001,98.18900000000001,98.18900000000001,98.18900000000001,98.18900000000001,98.18900000000001,98.18900000000001
2-Pentanone,CCC(C)C=O,biofuel,CCC(C)C=O,86.13399999999999,86.07316494,86.13399999999999,86.13399999999999,86.13399999999999,86.13399999999999,86.13399999999999,86.13399999999999,86.13399999999999
2-Butanone,CC(C)C=O,biofuel,CC(C)C=O,72.107,72.057514876,72.107,72.107,72.107,72.107,72.107,72.107,72.107
2-Methyl-1-propanol,CC(C)CO,biofuel,CC(C)CO,74.12299999999999,74.07316494,74.12299999999999,74.12299999999999,74.12299999999999,74.12299999999999,74.12299999999999,74.12299999999999,74.12299999999999
2-Methylfuran,Cc1ccco1,biofuel,Cc1ccco1,82.102,82.041864812,82.102,82.102,82.102,82.102,82.102,82.102,82.102
3-Pentanone,CCC(=O)CC,biofuel,CCC(=O)CC,86.134,86.07316494,86.134,86.134,86.134,86.134,86.134,86.134,86.134
Isopropyl acetate,CC(=O)OC(C)C,biofuel,CC(=O)OC(C)C,102.133,102.06807956,102.133,102.133,102.133,102.133,102.133,102.133,102.133
Methyl isobutyrate,COC(=O)C(C)C,biofuel,COC(=O)C(C)C,102.133,102.06807956,102.133,102.133,102.133,102.133,102.133,102.133,102.133
4-Methyl-2-pentanol,CC(C)C(C)C(C)O,biofuel,CC(C)C(C)C(C)O,116.20399999999998,116.120115132,116.20399999999998,116.20399999999998,116.20399999999998,116.20399999999998,116.20399999999998,116.20399999999998,116.20399999999998
"1,1-Dimethylcyclohexane",CC1(C)CCCCC1,biofuel,CC1(C)CCCCC1,112.21600000000001,112.12520051199999,112.21600000000001,112.21600000000001,112.21600000000001,112.21600000000001,112.21600000000001,112.21600000000001,112.21600000000001
"1,1-Dimethylcyclopentane",CC1(C)CCCC1,biofuel,CC1(C)CCCC1,98.18900000000001,98.109550448,98.18900000000001,98.18900000000001,98.18900000000001,98.18900000000001,98.18900000000001,98.18900000000001,98.18900000000001
Cyclopentane,C1CCCC1,biofuel,C1CCCC1,70.135,70.07825032,70.135,70.135,70.135,70.135,70.135,70.135,70.135
2-Methyl-1-Pentene,C=CCCCC(C)C,biofuel,C=CCCCC(C)C,112.21599999999998,112.12520051199999,112.21599999999998,112.21599999999998,112.21599999999998,112.21599999999998,112.21599999999998,112.21599999999998,112.21599999999998
cyclopentanone,O=C1CCCC1,biofuel,O=C1CCCC1,84.11800000000001,84.057514876,84.11800000000001,84.11800000000001,84.11800000000001,84.11800000000001,84.11800000000001,84.11800000000001,84.11800000000001
2-Methyl-2-Pentene,CC(C)=CC(C)C,biofuel,CC(C)=CC(C)C,98.189,98.109550448,98.189,98.189,98.189,98.189,98.189,98.189,98.189
3-methyl-2-pentene,CC(C)=CC(C)C,biofuel,CC(C)=CC(C)C,98.189,98.109550448,98.189,98.189,98.189,98.189,98.189,98.189,98.189
2-Methyl-3-ethylpentane,CCC(CC)C(C)C,biofuel,CCC(CC)C(C)C,114.23199999999999,114.14085057599999,114.23199999999999,114.23199999999999,114.23199999999999,114.23199999999999,114.23199999999999,114.23199999999999,114.23199999999999
2-Methyl-3-Heptene,CCC(C)=CC(C)C,biofuel,CCC(C)=CC(C)C,112.21599999999997,112.12520051199999,112.21599999999997,112.21599999999997,112.21599999999997,112.21599999999997,112.21599999999997,112.21599999999997,112.21599999999997
2-Methyl-3-Hexene,CCC(C)=CC(C)C,biofuel,CCC(C)=CC(C)C,112.21599999999997,112.12520051199999,112.21599999999997,112.21599999999997,112.21599999999997,112.21599999999997,112.21599999999997,112.21599999999997,112.21599999999997
2-Methylnonane,CCCCCCC(C)CC,biofuel,CCCCCCC(C)CC,142.286,142.172150704,142.286,142.286,142.286,142.286,142.286,142.286,142.286
3-Methylnonane,CCCCCCC(C)CCC,biofuel,CCCCCCC(C)CCC,156.313,156.187800768,156.313,156.313,156.313,156.313,156.313,156.313,156.313
4-Methylnonane,CCCCC(C)CCCC,biofuel,CCCCC(C)CCCC,142.286,142.172150704,142.286,142.286,142.286,142.286,142.286,142.286,142.286
5-Methylnonane,CCCCCC(C)CCC,biofuel,CCCCCC(C)CCC,142.286,142.172150704,142.286,142.286,142.286,142.286,142.286,142.286,142.286
"2,2,3,3-tetramethylpentane",CC(C)(C)CC(C)(C)C(C)(C)C,biofuel,CC(C)(C)CC(C)(C)C(C)(C)C,170.33999999999997,170.203450832,170.33999999999997,170.33999999999997,170.33999999999997,170.33999999999997,170.33999999999997,170.33999999999997,170.33999999999997
"2,2-dimethyl-3-ethylpentane",CCC(C)(CC)C(C)(C)C,biofuel,CCC(C)(CC)C(C)(C)C,142.28599999999997,142.172150704,142.28599999999997,142.28599999999997,142.28599999999997,142.28599999999997,142.28599999999997,142.28599999999997,142.28599999999997
"2,2-dimethylbutane",CC(C)(C)CC(C)(C)C,biofuel,CC(C)(C)CC(C)(C)C,128.259,128.15650064,128.259,128.259,128.259,128.259,128.259,128.259,128.259
"2,4-Dimethyl-3-ethylpentane",CCC(C)(CC)C(C)(C)C,biofuel,CCC(C)(CC)C(C)(C)C,142.28599999999997,142.172150704,142.28599999999997,142.28599999999997,142.28599999999997,142.28599999999997,142.28599999999997,142.28599999999997,142.28599999999997
"2,3-dimethylbutane",CC(C)C(C)C(C)C,biofuel,CC(C)C(C)C(C)C,114.23199999999999,114.14085057599999,114.23199999999999,114.23199999999999,114.23199999999999,114.23199999999999,114.23199999999999,114.23199999999999,114.23199999999999
"2,2,3-trimethylbutane",CC(C)(C)C(C)(C)C(C)(C)C,biofuel,CC(C)(C)C(C)(C)C(C)(C)C,156.313,156.187800768,156.313,156.313,156.313,156.313,156.313,156.313,156.313
"2,2-Dimethylpropane",CC(C)(C)C,biofuel,CC(C)(C)C,72.151,72.093900384,72.151,72.151,72.151,72.151,72.151,72.151,72.151
2-methylpentane,CCC(C)C(C)C,biofuel,CCC(C)C(C)C,100.20499999999998,100.12520051199999,100.20499999999998,100.20499999999998,100.20499999999998,100.20499999999998,100.20499999999998,100.20499999999998,100.20499999999998
3-methylpentane,CCC(C)CC(C)C,biofuel,CCC(C)CC(C)C,114.23199999999999,114.14085057599999,114.23199999999999,114.23199999999999,114.23199999999999,114.23199999999999,114.23199999999999,114.23199999999999,114.23199999999999
3-Hexene,C=CCC(C)C,biofuel,C=CCC(C)C,84.16199999999999,84.093900384,84.16199999999999,84.16199999999999,84.16199999999999,84.16199999999999,84.16199999999999,84.16199999999999,84.16199999999999
3-methyl-1-pentene,C=CCCC(C)C,biofuel,C=CCCC(C)C,98.18899999999998,98.109550448,98.18899999999998,98.18899999999998,98.18899999999998,98.18899999999998,98.18899999999998,98.18899999999998,98.18899999999998
2-ethyl-1-butene,C=CC(C)CC,biofuel,C=CC(C)CC,84.16199999999999,84.093900384,84.16199999999999,84.16199999999999,84.16199999999999,84.16199999999999,84.16199999999999,84.16199999999999,84.16199999999999
"2,3-dimethyl-1-butene",CC(C)=CC(C)C,biofuel,CC(C)=CC(C)C,98.189,98.109550448,98.189,98.189,98.189,98.189,98.189,98.189,98.189
"3,3-dimethyl-1-butene",C=C(C)C(C)(C)C,biofuel,C=C(C)C(C)(C)C,98.18899999999998,98.109550448,98.18899999999998,98.18899999999998,98.18899999999998,98.18899999999998,98.18899999999998,98.18899999999998,98.18899999999998
"2,3-dimethyl-2-butene",CC(C)=C(C)C,biofuel,CC(C)=C(C)C,84.16199999999999,84.093900384,84.16199999999999,84.16199999999999,84.16199999999999,84.16199999999999,84.16199999999999,84.16199999999999,84.16199999999999
4-methyl-1-hexene,C=CCC(C)CC,biofuel,C=CCC(C)CC,98.189,98.109550448,98.189,98.189,98.189,98.189,98.189,98.189,98.189
"2,3,3-trimethyl-1-butene",C=C(C)C(C)(C)C,biofuel,C=C(C)C(C)(C)C,98.18899999999998,98.109550448,98.18899999999998,98.18899999999998,98.18899999999998,98.18899999999998,98.18899999999998,98.18899999999998,98.18899999999998
2-Methyl-1-hexene,C=CC(C)CC,biofuel,C=CC(C)CC,84.16199999999999,84.093900384,84.16199999999999,84.16199999999999,84.16199999999999,84.16199999999999,84.16199999999999,84.16199999999999,84.16199999999999
2-Methyl-2-hexene,CC=C(C)CC,biofuel,CC=C(C)CC,84.16199999999999,84.093900384,84.16199999999999,84.16199999999999,84.16199999999999,84.16199999999999,84.16199999999999,84.16199999999999,84.16199999999999
2-Methyl-3-hexene,CCC=C(C)C,biofuel,CCC=C(C)C,84.16199999999999,84.093900384,84.16199999999999,84.16199999999999,84.16199999999999,84.16199999999999,84.16199999999999,84.16199999999999,84.16199999999999
"2,3-Dimethyl-1-pentene",CCC(C)C=C(C)C,biofuel,CCC(C)C=C(C)C,112.21599999999998,112.12520051199999,112.21599999999998,112.21599999999998,112.21599999999998,112.21599999999998,112.21599999999998,112.21599999999998,112.21599999999998
2-Methyl-2-propanol,CC(C)(C)O,biofuel,CC(C)(C)O,74.12299999999999,74.07316494,74.12299999999999,74.12299999999999,74.12299999999999,74.12299999999999,74.12299999999999,74.12299999999999,74.12299999999999
3-methyl-1-butanol,CCC(C)CO,biofuel,CCC(C)CO,88.14999999999999,88.088815004,88.14999999999999,88.14999999999999,88.14999999999999,88.14999999999999,88.14999999999999,88.14999999999999,88.14999999999999
methyl tert-butyl ether,COC(C)(C)C,biofuel,COC(C)(C)C,88.14999999999999,88.088815004,88.14999999999999,88.14999999999999,88.14999999999999,88.14999999999999,88.14999999999999,88.14999999999999,88.14999999999999
Tert-Amyl methyl ether,COCC(C)(C)C,biofuel,COCC(C)(C)C,102.17699999999999,102.104465068,102.17699999999999,102.17699999999999,102.17699999999999,102.17699999999999,102.17699999999999,102.17699999999999,102.17699999999999
tert-butyl ethyl ether,COCC(C)(C)C,biofuel,COCC(C)(C)C,102.17699999999999,102.104465068,102.17699999999999,102.17699999999999,102.17699999999999,102.17699999999999,102.17699999999999,102.17699999999999,102.17699999999999
benzene,c1ccccc1,biofuel,c1ccccc1,78.11399999999999,78.046950192,78.11399999999999,78.11399999999999,78.11399999999999,78.11399999999999,78.11399999999999,78.11399999999999,78.11399999999999
toluene,Cc1ccccc1,biofuel,Cc1ccccc1,92.14099999999999,92.062600256,92.14099999999999,92.14099999999999,92.14099999999999,92.14099999999999,92.14099999999999,92.14099999999999,92.14099999999999
styrene,C=CCc1ccccc1,biofuel,C=CCc1ccccc1,118.17899999999995,118.07825032,118.17899999999995,118.17899999999995,118.17899999999995,118.17899999999995,118.17899999999995,118.17899999999995,118.17899999999995
4-Methyl-1-Hexene,C=CCC(C)CC,biofuel,C=CCC(C)CC,98.189,98.109550448,98.189,98.189,98.189,98.189,98.189,98.189,98.189
4-Methyl-1-Pentene,C=CCC(C)C,biofuel,C=CCC(C)C,84.16199999999999,84.093900384,84.16199999999999,84.16199999999999,84.16199999999999,84.16199999999999,84.16199999999999,84.16199999999999,84.16199999999999
4-Methyl-2-Pentene,CC=CC(C)C,biofuel,CC=CC(C)C,84.162,84.093900384,84.162,84.162,84.162,84.162,84.162,84.162,84.162
4-Methylheptane,CCCC(C)CCC,biofuel,CCCC(C)CCC,114.232,114.14085057599999,114.232,114.232,114.232,114.232,114.232,114.232,114.232
4-Octene,CCCC=CCCC,biofuel,CCCC=CCCC,112.216,112.12520051199999,112.216,112.216,112.216,112.216,112.216,112.216,112.216
"1,2-dimethylbenzene (o-xylene)",Cc1ccccc1C,biofuel,Cc1ccccc1C,106.16799999999999,106.07825032,106.16799999999999,106.16799999999999,106.16799999999999,106.16799999999999,106.16799999999999,106.16799999999999,106.16799999999999
"1,3-dimethylbenzene (m-Xylene)",Cc1cccc(C)c1,biofuel,Cc1cccc(C)c1,106.16799999999999,106.07825032,106.16799999999999,106.16799999999999,106.16799999999999,106.16799999999999,106.16799999999999,106.16799999999999,106.16799999999999
"1,4-dimethylbenzene (p-Xylene)",Cc1ccc(C)cc1,biofuel,Cc1ccc(C)cc1,106.16799999999999,106.07825032,106.16799999999999,106.16799999999999,106.16799999999999,106.16799999999999,106.16799999999999,106.16799999999999,106.16799999999999
ethylbenzene,CCc1ccccc1,biofuel,CCc1ccccc1,106.16799999999996,106.07825032,106.16799999999996,106.16799999999996,106.16799999999996,106.16799999999996,106.16799999999996,106.16799999999996,106.16799999999996
Indane,c1ccc2c(c1)CCC2,biofuel,c1ccc2c(c1)CCC2,118.17899999999999,118.07825032,118.17899999999999,118.17899999999999,118.17899999999999,118.17899999999999,118.17899999999999,118.17899999999999,118.17899999999999
Propenylbenzene,C=CCc1ccccc1,biofuel,C=CCc1ccccc1,118.17899999999995,118.07825032,118.17899999999995,118.17899999999995,118.17899999999995,118.17899999999995,118.17899999999995,118.17899999999995,118.17899999999995
n-propylbenzene,CCCc1ccccc1,biofuel,CCCc1ccccc1,120.19499999999995,120.093900384,120.19499999999995,120.19499999999995,120.19499999999995,120.19499999999995,120.19499999999995,120.19499999999995,120.19499999999995
"1,2,3-trimethylbenzene",Cc1cccc(C)c1C,biofuel,Cc1cccc(C)c1C,120.195,120.093900384,120.195,120.195,120.195,120.195,120.195,120.195,120.195
"1,2,4-trimethylbenzene",Cc1ccc(C)c(C)c1,biofuel,Cc1ccc(C)c(C)c1,120.195,120.093900384,120.195,120.195,120.195,120.195,120.195,120.195,120.195
"1,3,5-trimethylbenzene",Cc1cc(C)cc(C)c1,biofuel,Cc1cc(C)cc(C)c1,120.19499999999998,120.093900384,120.19499999999998,120.19499999999998,120.19499999999998,120.19499999999998,120.19499999999998,120.19499999999998,120.19499999999998
"2,4-Dimethyl-2-pentene",C=CC(C)(C)C,biofuel,C=CC(C)(C)C,84.16199999999999,84.093900384,84.16199999999999,84.16199999999999,84.16199999999999,84.16199999999999,84.16199999999999,84.16199999999999,84.16199999999999
"2,2,4-Trimethylpentane",CC(C)CC(C)(C)C,biofuel,CC(C)CC(C)(C)C,114.23199999999999,114.14085057599999,114.23199999999999,114.23199999999999,114.23199999999999,114.23199999999999,114.23199999999999,114.23199999999999,114.23199999999999
3-Methyl-2-butanone,CC(=O)C(C)C,biofuel,CC(=O)C(C)C,86.134,86.07316494,86.134,86.134,86.134,86.134,86.134,86.134,86.134
"2,3,3-Trimethyl-1-Pentene",C=C(C)C(C)(C)C,biofuel,C=C(C)C(C)(C)C,98.18899999999998,98.109550448,98.18899999999998,98.18899999999998,98.18899999999998,98.18899999999998,98.18899999999998,98.18899999999998,98.18899999999998
"2,3,3-Trimethylpentane",CCC(C)(C)C(C)C,biofuel,CCC(C)(C)C(C)C,114.23199999999997,114.14085057599999,114.23199999999997,114.23199999999997,114.23199999999997,114.23199999999997,114.23199999999997,114.23199999999997,114.23199999999997
"2,3,4-Trimethyl-2-Pentene",C=CC(C)(C)C(C)C,biofuel,C=CC(C)(C)C(C)C,112.21599999999998,112.12520051199999,112.21599999999998,112.21599999999998,112.21599999999998,112.21599999999998,112.21599999999998,112.21599999999998,112.21599999999998
"2,3,4-Trimethylpentane",CCC(C)(C)C(C)C,biofuel,CCC(C)(C)C(C)C,114.23199999999997,114.14085057599999,114.23199999999997,114.23199999999997,114.23199999999997,114.23199999999997,114.23199999999997,114.23199999999997,114.23199999999997
"2,4-Dimethyl-1-Pentene",C=CCC(C)C,biofuel,C=CCC(C)C,84.16199999999999,84.093900384,84.16199999999999,84.16199999999999,84.16199999999999,84.16199999999999,84.16199999999999,84.16199999999999,84.16199999999999
"2,4-Dimethyl-2-Pentene",C=CC(C)(C)C,biofuel,C=CC(C)(C)C,84.16199999999999,84.093900384,84.16199999999999,84.16199999999999,84.16199999999999,84.16199999999999,84.16199999999999,84.16199999999999,84.16199999999999
"2,4-Dimethyl-3-ethylpentane",CCC(C)C(C)C(C)C,biofuel,CCC(C)C(C)C(C)C,128.25899999999996,128.15650064,128.25899999999996,128.25899999999996,128.25899999999996,128.25899999999996,128.25899999999996,128.25899999999996,128.25899999999996
"1,1-Dimethylcyclohexane",CC1(C)CCCCC1,biofuel,CC1(C)CCCCC1,112.21600000000001,112.12520051199999,112.21600000000001,112.21600000000001,112.21600000000001,112.21600000000001,112.21600000000001,112.21600000000001,112.21600000000001
"1,1-Dimethylcyclopentane",CC1(C)CCCCC1,biofuel,CC1(C)CCCCC1,112.21600000000001,112.12520051199999,112.21600000000001,112.21600000000001,112.21600000000001,112.21600000000001,112.21600000000001,112.21600000000001,112.21600000000001
Cyclopentane,CC1CCC(C)C1,biofuel,CC1CCC(C)C1,98.189,98.109550448,98.189,98.189,98.189,98.189,98.189,98.189,98.189
"1,3-Dimethylcyclopentane",CC1CCC(C)C1,biofuel,CC1CCC(C)C1,98.189,98.109550448,98.189,98.189,98.189,98.189,98.189,98.189,98.189
2-Methylpiperidine,CC1CCCCN1,biofuel,CC1CCCCN1,99.177,99.10479941599999,99.177,99.177,99.177,99.177,99.177,99.177,99.177
2-Methylpyridine,Cc1ccccn1,biofuel,Cc1ccccn1,93.129,93.057849224,93.129,93.129,93.129,93.129,93.129,93.129,93.129
3-Methylpyridine,Cc1cccnc1,biofuel,Cc1cccnc1,93.129,93.057849224,93.129,93.129,93.129,93.129,93.129,93.129,93.129
4-Methylpyridine,Cc1ccncc1,biofuel,Cc1ccncc1,93.12899999999999,93.057849224,93.12899999999999,93.12899999999999,93.12899999999999,93.12899999999999,93.12899999999999,93.12899999999999,93.12899999999999
Aniline,Nc1ccccc1,biofuel,Nc1ccccc1,93.12899999999999,93.057849224,93.12899999999999,93.12899999999999,93.12899999999999,93.12899999999999,93.12899999999999,93.12899999999999,93.12899999999999
N-methylaniline,CNc1ccccc1,biofuel,CNc1ccccc1,107.15599999999998,107.073499288,107.15599999999998,107.15599999999998,107.15599999999998,107.15599999999998,107.15599999999998,107.15599999999998,107.15599999999998
Indole,c1ccc2[nH]ccc2c1,biofuel,c1ccc2[nH]ccc2c1,117.15099999999997,117.057849224,117.15099999999997,117.15099999999997,117.15099999999997,117.15099999999997,117.15099999999997,117.15099999999997,117.15099999999997
Quinoline,c1ccc2ncccc2c1,biofuel,c1ccc2ncccc2c1,129.16199999999998,129.057849224,129.16199999999998,129.16199999999998,129.16199999999998,129.16199999999998,129.16199999999998,129.16199999999998,129.16199999999998
Dibenzopyrrole,c1ccc2c(c1)[nH]c1ccccc12,biofuel,c1ccc2c(c1)[nH]c1ccccc12,167.21099999999998,167.073499288,167.21099999999998,167.21099999999998,167.21099999999998,167.21099999999998,167.21099999999998,167.21099999999998,167.21099999999998
Phenol,Oc1ccccc1,biofuel,Oc1ccccc1,94.11299999999999,94.041864812,94.11299999999999,94.11299999999999,94.11299999999999,94.11299999999999,94.11299999999999,94.11299999999999,94.11299999999999
Anisole,COc1ccccc1,biofuel,COc1ccccc1,108.13999999999997,108.057514876,108.13999999999997,108.13999999999997,108.13999999999997,108.13999999999997,108.13999999999997,108.13999999999997,108.13999999999997
Benzyl alcohol,OCc1ccccc1,biofuel,OCc1ccccc1,108.13999999999997,108.057514876,108.13999999999997,108.13999999999997,108.13999999999997,108.13999999999997,108.13999999999997,108.13999999999997,108.13999999999997
O-Cresol,Cc1ccccc1O,biofuel,Cc1ccccc1O,108.13999999999999,108.057514876,108.13999999999999,108.13999999999999,108.13999999999999,108.13999999999999,108.13999999999999,108.13999999999999,108.13999999999999
M-Cresol,Cc1cccc(O)c1,biofuel,Cc1cccc(O)c1,108.13999999999999,108.057514876,108.13999999999999,108.13999999999999,108.13999999999999,108.13999999999999,108.13999999999999,108.13999999999999,108.13999999999999
P-Cresol,Cc1ccc(O)cc1,biofuel,Cc1ccc(O)cc1,108.13999999999999,108.057514876,108.13999999999999,108.13999999999999,108.13999999999999,108.13999999999999,108.13999999999999,108.13999999999999,108.13999999999999
Benzaldehyde,O=Cc1ccccc1,biofuel,O=Cc1ccccc1,106.12399999999997,106.041864812,106.12399999999997,106.12399999999997,106.12399999999997,106.12399999999997,106.12399999999997,106.12399999999997,106.12399999999997
Phenetole,CCOc1ccccc1,biofuel,CCOc1ccccc1,122.16699999999996,122.07316494,122.16699999999996,122.16699999999996,122.16699999999996,122.16699999999996,122.16699999999996,122.16699999999996,122.16699999999996
4-Methylanisole,COc1ccc(C)cc1,biofuel,COc1ccc(C)cc1,122.16699999999997,122.07316494,122.16699999999997,122.16699999999997,122.16699999999997,122.16699999999997,122.16699999999997,122.16699999999997,122.16699999999997
1-Phenylethanol,CC(O)c1ccccc1,biofuel,CC(O)c1ccccc1,122.16699999999996,122.07316494,122.16699999999996,122.16699999999996,122.16699999999996,122.16699999999996,122.16699999999996,122.16699999999996,122.16699999999996
2-Phenylethanol ,OCCc1ccccc1,biofuel,OCCc1ccccc1,122.16699999999996,122.07316494,122.16699999999996,122.16699999999996,122.16699999999996,122.16699999999996,122.16699999999996,122.16699999999996,122.16699999999996
"2,4-Xylenol",Cc1ccc(O)c(C)c1,biofuel,Cc1ccc(O)c(C)c1,122.16699999999999,122.07316494,122.16699999999999,122.16699999999999,122.16699999999999,122.16699999999999,122.16699999999999,122.16699999999999,122.16699999999999
Cinnamaldehyde,O=CC=Cc1ccccc1,biofuel,O=CC=Cc1ccccc1,132.16199999999998,132.057514876,132.16199999999998,132.16199999999998,132.16199999999998,132.16199999999998,132.16199999999998,132.16199999999998,132.16199999999998
4-Propylanisole,CCCc1ccc(OC)cc1,biofuel,CCCc1ccc(OC)cc1,150.22099999999998,150.104465068,150.22099999999998,150.22099999999998,150.22099999999998,150.22099999999998,150.22099999999998,150.22099999999998,150.22099999999998
Guaiacol,COc1ccccc1O,biofuel,COc1ccccc1O,124.13899999999997,124.052429496,124.13899999999997,124.13899999999997,124.13899999999997,124.13899999999997,124.13899999999997,124.13899999999997,124.13899999999997
4-Methylguaiacol,COc1cc(C)ccc1O,biofuel,COc1cc(C)ccc1O,138.166,138.06807956,138.166,138.166,138.166,138.166,138.166,138.166,138.166
4-Ethylguaiacol,CCc1ccc(O)c(OC)c1,biofuel,CCc1ccc(O)c(OC)c1,152.19299999999998,152.083729624,152.19299999999998,152.19299999999998,152.19299999999998,152.19299999999998,152.19299999999998,152.19299999999998,152.19299999999998
Methylamine,CN,biofuel,CN,31.058,31.042199159999996,31.058,31.058,31.058,31.058,31.058,31.058,31.058
Ethylamine,CCN,biofuel,CCN,45.084999999999994,45.057849223999995,45.084999999999994,45.084999999999994,45.084999999999994,45.084999999999994,45.084999999999994,45.084999999999994,45.084999999999994
3-Methyltetrahydrofuran,CC1CCOC1,not biofuel,CC1CCOC1,86.134,86.07316494,86.134,86.134,86.134,86.134,86.134,86.134,86.134
"5-Methyl-2,3-dihydrofuran",CC1=CCCO1,not biofuel,CC1=CCCO1,84.11800000000001,84.057514876,84.11800000000001,84.11800000000001,84.11800000000001,84.11800000000001,84.11800000000001,84.11800000000001,84.11800000000001
2-Methyloxane,CC1CCCCO1,not biofuel,CC1CCCCO1,100.161,100.088815004,100.161,100.161,100.161,100.161,100.161,100.161,100.161
2-Ethyloxane,CCC1CCCCO1,not biofuel,CCC1CCCCO1,114.188,114.104465068,114.188,114.188,114.188,114.188,114.188,114.188,114.188
3-Ethyloxane,CCC1CCCOC1,not biofuel,CCC1CCCOC1,114.188,114.104465068,114.188,114.188,114.188,114.188,114.188,114.188,114.188
4-Ethyloxane,CCC1CCOCC1,not biofuel,CCC1CCOCC1,114.188,114.104465068,114.188,114.188,114.188,114.188,114.188,114.188,114.188
"2,6-Dimethyloxane",CC1CCCC(C)O1,not biofuel,CC1CCCC(C)O1,114.18799999999999,114.104465068,114.18799999999999,114.18799999999999,114.18799999999999,114.18799999999999,114.18799999999999,114.18799999999999,114.18799999999999
"2,3,5-Trimethyltetrahydrofuran",CC1CC(C)C(C)O1,not biofuel,CC1CC(C)C(C)O1,114.18799999999999,114.104465068,114.18799999999999,114.18799999999999,114.18799999999999,114.18799999999999,114.18799999999999,114.18799999999999,114.18799999999999
2-Propyltetrahydrofuran,CCCC1CCCO1,not biofuel,CCCC1CCCO1,114.188,114.104465068,114.188,114.188,114.188,114.188,114.188,114.188,114.188
2-Propyloxane,CCCC1CCCCO1,not biofuel,CCCC1CCCCO1,128.215,128.120115132,128.215,128.215,128.215,128.215,128.215,128.215,128.215
"2,3,4,5-Tetramethyltetrahydrofuran",CC1OC(C)C(C)C1C,not biofuel,CC1OC(C)C(C)C1C,128.21499999999997,128.120115132,128.21499999999997,128.21499999999997,128.21499999999997,128.21499999999997,128.21499999999997,128.21499999999997,128.21499999999997
2-Isobutyltetrahydrofuran,CC(C)CC1CCCO1,not biofuel,CC(C)CC1CCCO1,128.215,128.120115132,128.215,128.215,128.215,128.215,128.215,128.215,128.215
"2,5-Dimethoxytetrahydrofuran",COC1CCC(OC)O1,not biofuel,COC1CCC(OC)O1,132.159,132.078644244,132.159,132.159,132.159,132.159,132.159,132.159,132.159
"2,5-Dimethoxy-2,5-dihydrofuran",COC1C=CC(OC)O1,not biofuel,COC1C=CC(OC)O1,130.143,130.06299418,130.143,130.143,130.143,130.143,130.143,130.143,130.143
"2,3-Dimethyltetrahydrofuran",CC1CCOC1C,not biofuel,CC1CCOC1C,100.16099999999999,100.088815004,100.16099999999999,100.16099999999999,100.16099999999999,100.16099999999999,100.16099999999999,100.16099999999999,100.16099999999999
"2,5-Dimethyltetrahydrofuran",CC1CCC(C)O1,not biofuel,CC1CCC(C)O1,100.16099999999999,100.088815004,100.16099999999999,100.16099999999999,100.16099999999999,100.16099999999999,100.16099999999999,100.16099999999999,100.16099999999999
"2,4-Dimethyltetrahydrofuran",CC1COC(C)C1,not biofuel,CC1COC(C)C1,100.16099999999999,100.088815004,100.16099999999999,100.16099999999999,100.16099999999999,100.16099999999999,100.16099999999999,100.16099999999999,100.16099999999999
2-Ethyltetrahydrofuran,CCC1CCCO1,not biofuel,CCC1CCCO1,100.161,100.088815004,100.161,100.161,100.161,100.161,100.161,100.161,100.161
2-Methoxypropane,COC(C)C,not biofuel,COC(C)C,74.123,74.07316494,74.123,74.123,74.123,74.123,74.123,74.123,74.123
2-Methoxy-2-methylpropane,COC(C)(C)C,not biofuel,COC(C)(C)C,88.14999999999999,88.088815004,88.14999999999999,88.14999999999999,88.14999999999999,88.14999999999999,88.14999999999999,88.14999999999999,88.14999999999999
tert-Amyl methylether,CCC(C)(C)OC,not biofuel,CCC(C)(C)OC,102.17699999999998,102.104465068,102.17699999999998,102.17699999999998,102.17699999999998,102.17699999999998,102.17699999999998,102.17699999999998,102.17699999999998
2-Propoxypropane,CCCOC(C)C,not biofuel,CCCOC(C)C,102.17699999999998,102.104465068,102.17699999999998,102.17699999999998,102.17699999999998,102.17699999999998,102.17699999999998,102.17699999999998,102.17699999999998
2-Isopropoxypropane,CC(C)OC(C)C,not biofuel,CC(C)OC(C)C,102.17699999999999,102.104465068,102.17699999999999,102.17699999999999,102.17699999999999,102.17699999999999,102.17699999999999,102.17699999999999,102.17699999999999
tert-Amyl ethylether,CCOC(C)(C)CC,not biofuel,CCOC(C)(C)CC,116.204,116.120115132,116.204,116.204,116.204,116.204,116.204,116.204,116.204
"1,1-Dimethylethyl 2-methylpropanoate",CC(C)C(=O)OC(C)(C)C,not biofuel,CC(C)C(=O)OC(C)(C)C,144.21399999999997,144.115029752,144.21399999999997,144.21399999999997,144.21399999999997,144.21399999999997,144.21399999999997,144.21399999999997,144.21399999999997
"2,2-Dimethylpropyl propanoate",CCC(=O)OCC(C)(C)C,not biofuel,CCC(=O)OCC(C)(C)C,144.21399999999997,144.115029752,144.21399999999997,144.21399999999997,144.21399999999997,144.21399999999997,144.21399999999997,144.21399999999997,144.21399999999997
"1,3-Dimethylbutyl acetate",CC(=O)OC(C)CC(C)C,not biofuel,CC(=O)OC(C)CC(C)C,144.21399999999997,144.115029752,144.21399999999997,144.21399999999997,144.21399999999997,144.21399999999997,144.21399999999997,144.21399999999997,144.21399999999997
"2,3-Dimethylbutyl acetate",CC(=O)OCC(C)C(C)C,not biofuel,CC(=O)OCC(C)C(C)C,144.21399999999997,144.115029752,144.21399999999997,144.21399999999997,144.21399999999997,144.21399999999997,144.21399999999997,144.21399999999997,144.21399999999997
"1,1,2-Trimethylpropyl acetate",CC(=O)OC(C)(C)C(C)C,not biofuel,CC(=O)OC(C)(C)C(C)C,144.21399999999997,144.115029752,144.21399999999997,144.21399999999997,144.21399999999997,144.21399999999997,144.21399999999997,144.21399999999997,144.21399999999997
"1,2,2-Trimethylpropyl acetate",CC(=O)OC(C)C(C)(C)C,not biofuel,CC(=O)OC(C)C(C)(C)C,144.21399999999997,144.115029752,144.21399999999997,144.21399999999997,144.21399999999997,144.21399999999997,144.21399999999997,144.21399999999997,144.21399999999997
2-Methylpentyl formate,CCCC(C)COC=O,not biofuel,CCCC(C)COC=O,130.18699999999998,130.099379688,130.18699999999998,130.18699999999998,130.18699999999998,130.18699999999998,130.18699999999998,130.18699999999998,130.18699999999998
"Methyl 2,2-dimethylpentanoate",CCCC(C)(C)C(=O)OC,not biofuel,CCCC(C)(C)C(=O)OC,144.21399999999997,144.115029752,144.21399999999997,144.21399999999997,144.21399999999997,144.21399999999997,144.21399999999997,144.21399999999997,144.21399999999997
"Methyl 3,3-dimethylpentanoate",CCC(C)(C)CC(=O)OC,not biofuel,CCC(C)(C)CC(=O)OC,144.21399999999997,144.115029752,144.21399999999997,144.21399999999997,144.21399999999997,144.21399999999997,144.21399999999997,144.21399999999997,144.21399999999997
"Ethyl 3,3-dimethylbutanoate",CCOC(=O)CC(C)(C)C,not biofuel,CCOC(=O)CC(C)(C)C,144.21399999999997,144.115029752,144.21399999999997,144.21399999999997,144.21399999999997,144.21399999999997,144.21399999999997,144.21399999999997,144.21399999999997
"Ethyl 2,3-dimethylbutanoate",CCOC(=O)C(C)C(C)C,not biofuel,CCOC(=O)C(C)C(C)C,144.21399999999997,144.115029752,144.21399999999997,144.21399999999997,144.21399999999997,144.21399999999997,144.21399999999997,144.21399999999997,144.21399999999997
1-Methylpropyl 2-methylpropanoate,CCC(C)OC(=O)C(C)C,not biofuel,CCC(C)OC(=O)C(C)C,144.21399999999997,144.115029752,144.21399999999997,144.21399999999997,144.21399999999997,144.21399999999997,144.21399999999997,144.21399999999997,144.21399999999997
"Methyl 2,3-dimethylpentanoate",CCC(C)C(C)C(=O)OC,not biofuel,CCC(C)C(C)C(=O)OC,144.21399999999997,144.115029752,144.21399999999997,144.21399999999997,144.21399999999997,144.21399999999997,144.21399999999997,144.21399999999997,144.21399999999997
"Methyl 2,4-dimethylpentanoate",COC(=O)C(C)CC(C)C,not biofuel,COC(=O)C(C)CC(C)C,144.21399999999997,144.115029752,144.21399999999997,144.21399999999997,144.21399999999997,144.21399999999997,144.21399999999997,144.21399999999997,144.21399999999997
"Methyl 3,4-dimethylpentanoate",COC(=O)CC(C)C(C)C,not biofuel,COC(=O)CC(C)C(C)C,144.21399999999997,144.115029752,144.21399999999997,144.21399999999997,144.21399999999997,144.21399999999997,144.21399999999997,144.21399999999997,144.21399999999997
"Ethyl 2,2-dimethylbutanoate",CCOC(=O)C(C)(C)CC,not biofuel,CCOC(=O)C(C)(C)CC,144.21399999999997,144.115029752,144.21399999999997,144.21399999999997,144.21399999999997,144.21399999999997,144.21399999999997,144.21399999999997,144.21399999999997
"2,2-Dimethylcyclohexanone",CC1(C)CCCCC1=O,not biofuel,CC1(C)CCCCC1=O,126.199,126.104465068,126.199,126.199,126.199,126.199,126.199,126.199,126.199
"3,3-Dimethylcyclohexanone",CC1(C)CCCC(=O)C1,not biofuel,CC1(C)CCCC(=O)C1,126.199,126.104465068,126.199,126.199,126.199,126.199,126.199,126.199,126.199
"4,4-Dimethylcyclohexanone",CC1(C)CCC(=O)CC1,not biofuel,CC1(C)CCC(=O)CC1,126.199,126.104465068,126.199,126.199,126.199,126.199,126.199,126.199,126.199
"2,3-Dimethylcyclohexanone",CC1CCCC(=O)C1C,not biofuel,CC1CCCC(=O)C1C,126.19899999999998,126.104465068,126.19899999999998,126.19899999999998,126.19899999999998,126.19899999999998,126.19899999999998,126.19899999999998,126.19899999999998
"2,4-Dimethylcyclohexanone",CC1CCC(=O)C(C)C1,not biofuel,CC1CCC(=O)C(C)C1,126.19899999999998,126.104465068,126.19899999999998,126.19899999999998,126.19899999999998,126.19899999999998,126.19899999999998,126.19899999999998,126.19899999999998
"2,5-Dimethylcyclohexanone",CC1CCC(C)C(=O)C1,not biofuel,CC1CCC(C)C(=O)C1,126.19899999999998,126.104465068,126.19899999999998,126.19899999999998,126.19899999999998,126.19899999999998,126.19899999999998,126.19899999999998,126.19899999999998
"3,4,4-Trimethyl-2-pentanone",CC(=O)C(C)C(C)(C)C,not biofuel,CC(=O)C(C)C(C)(C)C,128.21499999999997,128.120115132,128.21499999999997,128.21499999999997,128.21499999999997,128.21499999999997,128.21499999999997,128.21499999999997,128.21499999999997
"2,2,4-Trimethyl-3-pentanone",CC(C)C(=O)C(C)(C)C,not biofuel,CC(C)C(=O)C(C)(C)C,128.21499999999997,128.120115132,128.21499999999997,128.21499999999997,128.21499999999997,128.21499999999997,128.21499999999997,128.21499999999997,128.21499999999997
"2,4-Dimethyl-3-hexanone",CCC(C)C(=O)C(C)C,not biofuel,CCC(C)C(=O)C(C)C,128.21499999999997,128.120115132,128.21499999999997,128.21499999999997,128.21499999999997,128.21499999999997,128.21499999999997,128.21499999999997,128.21499999999997
"2,5-Dimethyl-3-hexanone",CC(C)CC(=O)C(C)C,not biofuel,CC(C)CC(=O)C(C)C,128.21499999999997,128.120115132,128.21499999999997,128.21499999999997,128.21499999999997,128.21499999999997,128.21499999999997,128.21499999999997,128.21499999999997
"4,5-Dimethyl-3-hexanone",CCC(=O)C(C)C(C)C,not biofuel,CCC(=O)C(C)C(C)C,128.21499999999997,128.120115132,128.21499999999997,128.21499999999997,128.21499999999997,128.21499999999997,128.21499999999997,128.21499999999997,128.21499999999997
"3,3-Dimethyl-2-pentanone",CCC(C)(C)C(C)=O,not biofuel,CCC(C)(C)C(C)=O,114.18799999999997,114.104465068,114.18799999999997,114.18799999999997,114.18799999999997,114.18799999999997,114.18799999999997,114.18799999999997,114.18799999999997
"4,4-Dimethyl-2-pentanone",CC(=O)CC(C)(C)C,not biofuel,CC(=O)CC(C)(C)C,114.18799999999999,114.104465068,114.18799999999999,114.18799999999999,114.18799999999999,114.18799999999999,114.18799999999999,114.18799999999999,114.18799999999999
"3,4-Dimethyl-2-pentanone",CC(=O)C(C)C(C)C,not biofuel,CC(=O)C(C)C(C)C,114.18799999999999,114.104465068,114.18799999999999,114.18799999999999,114.18799999999999,114.18799999999999,114.18799999999999,114.18799999999999,114.18799999999999
"2,4-Dimethyl-3-pentanone",CC(C)C(=O)C(C)C,not biofuel,CC(C)C(=O)C(C)C,114.18799999999997,114.104465068,114.18799999999997,114.18799999999997,114.18799999999997,114.18799999999997,114.18799999999997,114.18799999999997,114.18799999999997
3-Ethyl-2-pentanone,CCC(CC)C(C)=O,not biofuel,CCC(CC)C(C)=O,114.18799999999999,114.104465068,114.18799999999999,114.18799999999999,114.18799999999999,114.18799999999999,114.18799999999999,114.18799999999999,114.18799999999999
3-Hexanol,CCCC(O)CC,not biofuel,CCCC(O)CC,102.17699999999999,102.104465068,102.17699999999999,102.17699999999999,102.17699999999999,102.17699999999999,102.17699999999999,102.17699999999999,102.17699999999999
"2,2-Dimethylpentanol",CCCC(C)(C)CO,not biofuel,CCCC(C)(C)CO,116.20399999999998,116.120115132,116.20399999999998,116.20399999999998,116.20399999999998,116.20399999999998,116.20399999999998,116.20399999999998,116.20399999999998
"3,3-Dimethylpentanol",CCC(C)(C)CCO,not biofuel,CCC(C)(C)CCO,116.20399999999998,116.120115132,116.20399999999998,116.20399999999998,116.20399999999998,116.20399999999998,116.20399999999998,116.20399999999998,116.20399999999998
"4,4-Dimethylpentanol",CC(C)(C)CCCO,not biofuel,CC(C)(C)CCCO,116.204,116.120115132,116.204,116.204,116.204,116.204,116.204,116.204,116.204
"2,3,3-Trimethylbutanol",CC(CO)C(C)(C)C,not biofuel,CC(CO)C(C)(C)C,116.204,116.120115132,116.204,116.204,116.204,116.204,116.204,116.204,116.204
2-Methyl-2-hexanol,CCCCC(C)(C)O,not biofuel,CCCCC(C)(C)O,116.20399999999998,116.120115132,116.20399999999998,116.20399999999998,116.20399999999998,116.20399999999998,116.20399999999998,116.20399999999998,116.20399999999998
3-Methyl-3-hexanol,CCCC(C)(O)CC,not biofuel,CCCC(C)(O)CC,116.20399999999998,116.120115132,116.20399999999998,116.20399999999998,116.20399999999998,116.20399999999998,116.20399999999998,116.20399999999998,116.20399999999998
2-Phenylpentane,CCCC(C)c1ccccc1,not biofuel,CCCC(C)c1ccccc1,148.249,148.125200512,148.249,148.249,148.249,148.249,148.249,148.249,148.249
tert-Amylbenzene,CCC(C)(C)c1ccccc1,not biofuel,CCC(C)(C)c1ccccc1,148.24899999999997,148.125200512,148.24899999999997,148.24899999999997,148.24899999999997,148.24899999999997,148.24899999999997,148.24899999999997,148.24899999999997
n-Decylbenzene,CCCCCCCCCCc1ccccc1,not biofuel,CCCCCCCCCCc1ccccc1,218.38400000000001,218.203450832,218.38400000000001,218.38400000000001,218.38400000000001,218.38400000000001,218.38400000000001,218.38400000000001,218.38400000000001
1-Methyl-4-(Trans-1-n-Propenyl)Benzene,CC=Cc1ccc(C)cc1,not biofuel,CC=Cc1ccc(C)cc1,132.206,132.093900384,132.206,132.206,132.206,132.206,132.206,132.206,132.206
1-Methyl-4-allylbenzene,C=CCc1ccc(C)cc1,not biofuel,C=CCc1ccc(C)cc1,132.20599999999996,132.093900384,132.20599999999996,132.20599999999996,132.20599999999996,132.20599999999996,132.20599999999996,132.20599999999996,132.20599999999996
2-Phenyl-1-Butene,C=C(CC)c1ccccc1,not biofuel,C=C(CC)c1ccccc1,132.20599999999996,132.093900384,132.20599999999996,132.20599999999996,132.20599999999996,132.20599999999996,132.20599999999996,132.20599999999996,132.20599999999996
"1,2,3,4-Tetrahydronaphthalene",c1ccc2c(c1)CCCC2,not biofuel,c1ccc2c(c1)CCCC2,132.206,132.093900384,132.206,132.206,132.206,132.206,132.206,132.206,132.206
2-Phenylpentane,CCCC(C)c1ccccc1,not biofuel,CCCC(C)c1ccccc1,148.249,148.125200512,148.249,148.249,148.249,148.249,148.249,148.249,148.249
tert-Amylbenzene,CCC(C)(C)c1ccccc1,not biofuel,CCC(C)(C)c1ccccc1,148.24899999999997,148.125200512,148.24899999999997,148.24899999999997,148.24899999999997,148.24899999999997,148.24899999999997,148.24899999999997,148.24899999999997
n-Decylbenzene,CCCCCCCCCCc1ccccc1,not biofuel,CCCCCCCCCCc1ccccc1,218.38400000000001,218.203450832,218.38400000000001,218.38400000000001,218.38400000000001,218.38400000000001,218.38400000000001,218.38400000000001,218.38400000000001
"1,4-Diethylbenzene",CCc1ccc(CC)cc1,not biofuel,CCc1ccc(CC)cc1,134.22199999999998,134.109550448,134.22199999999998,134.22199999999998,134.22199999999998,134.22199999999998,134.22199999999998,134.22199999999998,134.22199999999998
"1,2-Dimethyl-3-ethylbenzene",CCc1cccc(C)c1C,not biofuel,CCc1cccc(C)c1C,134.22199999999998,134.109550448,134.22199999999998,134.22199999999998,134.22199999999998,134.22199999999998,134.22199999999998,134.22199999999998,134.22199999999998
"1,3-Dimethyl-4-ethylbenzene",CCc1ccc(C)cc1C,not biofuel,CCc1ccc(C)cc1C,134.22199999999998,134.109550448,134.22199999999998,134.22199999999998,134.22199999999998,134.22199999999998,134.22199999999998,134.22199999999998,134.22199999999998
"1,3-Dimethyl-5-ethylbenzene",CCc1cc(C)cc(C)c1,not biofuel,CCc1cc(C)cc(C)c1,134.22199999999998,134.109550448,134.22199999999998,134.22199999999998,134.22199999999998,134.22199999999998,134.22199999999998,134.22199999999998,134.22199999999998
Indane (hydrindene),c1ccc2c(c1)CCC2,not biofuel,c1ccc2c(c1)CCC2,118.17899999999999,118.07825032,118.17899999999999,118.17899999999999,118.17899999999999,118.17899999999999,118.17899999999999,118.17899999999999,118.17899999999999
cis-1-Propenylbenzene,CC=Cc1ccccc1,not biofuel,CC=Cc1ccccc1,118.17899999999996,118.07825032,118.17899999999996,118.17899999999996,118.17899999999996,118.17899999999996,118.17899999999996,118.17899999999996,118.17899999999996
trans-1-Propenylbenzene,CC=Cc1ccccc1,not biofuel,CC=Cc1ccccc1,118.17899999999996,118.07825032,118.17899999999996,118.17899999999996,118.17899999999996,118.17899999999996,118.17899999999996,118.17899999999996,118.17899999999996
2-Phenylpropene,C=C(C)c1ccccc1,not biofuel,C=C(C)c1ccccc1,118.17899999999995,118.07825032,118.17899999999995,118.17899999999995,118.17899999999995,118.17899999999995,118.17899999999995,118.17899999999995,118.17899999999995
sec-Butylbenzene,CCC(C)c1ccccc1,not biofuel,CCC(C)c1ccccc1,134.22199999999998,134.109550448,134.22199999999998,134.22199999999998,134.22199999999998,134.22199999999998,134.22199999999998,134.22199999999998,134.22199999999998
"1,4-Cyclohexadiene",C1=CCC=CC1,not biofuel,C1=CCC=CC1,80.13,80.062600256,80.13,80.13,80.13,80.13,80.13,80.13,80.13
"2-Methyl-1,5-Hexadiene",C=CCCC(=C)C,not biofuel,C=CCCC(=C)C,96.17299999999999,96.093900384,96.17299999999999,96.17299999999999,96.17299999999999,96.17299999999999,96.17299999999999,96.17299999999999,96.17299999999999
"2-Methyl-2,4-Hexadiene",CC=CC=C(C)C,not biofuel,CC=CC=C(C)C,96.173,96.093900384,96.173,96.173,96.173,96.173,96.173,96.173,96.173
"1-Methyl-1,4-cyclohexadiene",CC1=CCC=CC1,not biofuel,CC1=CCC=CC1,94.157,94.07825032,94.157,94.157,94.157,94.157,94.157,94.157,94.157
"2,5-Dimethyl-1,5-hexadiene",C=C(C)CCC(=C)C,not biofuel,C=C(C)CCC(=C)C,110.19999999999999,110.109550448,110.19999999999999,110.19999999999999,110.19999999999999,110.19999999999999,110.19999999999999,110.19999999999999,110.19999999999999
"2,5-Dimethyl-2,4-hexadiene",CC(C)=CC=C(C)C,not biofuel,CC(C)=CC=C(C)C,110.19999999999999,110.109550448,110.19999999999999,110.19999999999999,110.19999999999999,110.19999999999999,110.19999999999999,110.19999999999999,110.19999999999999
"2,6-Octadiene",CC=CCCC=CC,not biofuel,CC=CCCC=CC,110.19999999999999,110.109550448,110.19999999999999,110.19999999999999,110.19999999999999,110.19999999999999,110.19999999999999,110.19999999999999,110.19999999999999
"2,6-Dimethyl-1,5-Heptadiene",C=C(C)CCC=C(C)C,not biofuel,C=C(C)CCC=C(C)C,124.22699999999998,124.12520051199999,124.22699999999998,124.22699999999998,124.22699999999998,124.22699999999998,124.22699999999998,124.22699999999998,124.22699999999998
Dicyclopentadiene,C1=CC2C3C=CC(C3)C2C1,not biofuel,C1=CC2C3C=CC(C3)C2C1,132.20599999999996,132.093900384,132.20599999999996,132.20599999999996,132.20599999999996,132.20599999999996,132.20599999999996,132.20599999999996,132.20599999999996
"4-Ethynyl-4-vinyl-1,6-heptadiene",C#CC(C=C)(CC=C)CC=C,not biofuel,C#CC(C=C)(CC=C)CC=C,146.233,146.109550448,146.233,146.233,146.233,146.233,146.233,146.233,146.233
1-Ethylcyclopentene,CCC1=CCCC1,not biofuel,CCC1=CCCC1,96.173,96.093900384,96.173,96.173,96.173,96.173,96.173,96.173,96.173
3-Ethylcyclopentene,CCC1C=CCC1,not biofuel,CCC1C=CCC1,96.173,96.093900384,96.173,96.173,96.173,96.173,96.173,96.173,96.173
Cycloheptene,C1=CCCCCC1,not biofuel,C1=CCCCCC1,96.173,96.093900384,96.173,96.173,96.173,96.173,96.173,96.173,96.173
"1,5,5-Trimethylcyclopentene",CC1=CCCC1(C)C,not biofuel,CC1=CCCC1(C)C,110.2,110.109550448,110.2,110.2,110.2,110.2,110.2,110.2,110.2
1-Propylcyclopentene,CCCC1=CCCC1,not biofuel,CCCC1=CCCC1,110.19999999999999,110.109550448,110.19999999999999,110.19999999999999,110.19999999999999,110.19999999999999,110.19999999999999,110.19999999999999,110.19999999999999
1-Ethylcyclohexene,CCC1=CCCCC1,not biofuel,CCC1=CCCCC1,110.2,110.109550448,110.2,110.2,110.2,110.2,110.2,110.2,110.2
1-Methylcycloheptene,CC1=CCCCCC1,not biofuel,CC1=CCCCCC1,110.20000000000002,110.109550448,110.20000000000002,110.20000000000002,110.20000000000002,110.20000000000002,110.20000000000002,110.20000000000002,110.20000000000002
Propadiene,C=C=C,not biofuel,C=C=C,40.06499999999999,40.031300128,40.06499999999999,40.06499999999999,40.06499999999999,40.06499999999999,40.06499999999999,40.06499999999999,40.06499999999999
"1,2-Butadiene",C=C=CC,not biofuel,C=C=CC,54.092,54.046950192,54.092,54.092,54.092,54.092,54.092,54.092,54.092
"3-Methyl-1,2-butadiene",C=C=C(C)C,not biofuel,C=C=C(C)C,68.11899999999999,68.062600256,68.11899999999999,68.11899999999999,68.11899999999999,68.11899999999999,68.11899999999999,68.11899999999999,68.11899999999999
"1,2-Pentadiene",C=C=CCC,not biofuel,C=C=CCC,68.119,68.062600256,68.119,68.119,68.119,68.119,68.119,68.119,68.119
"1,4-Pentadiene",C=CCC=C,not biofuel,C=CCC=C,68.119,68.062600256,68.119,68.119,68.119,68.119,68.119,68.119,68.119
"2,3-Pentadiene",CC=C=CC,not biofuel,CC=C=CC,68.119,68.062600256,68.119,68.119,68.119,68.119,68.119,68.119,68.119
3-Ethyl-4-methyl-2-pentene,CC=C(CC)C(C)C,not biofuel,CC=C(CC)C(C)C,112.21599999999998,112.12520051199999,112.21599999999998,112.21599999999998,112.21599999999998,112.21599999999998,112.21599999999998,112.21599999999998,112.21599999999998
"2,3,4-Trimethyl-2-pentene",CC(C)=C(C)C(C)C,not biofuel,CC(C)=C(C)C(C)C,112.21599999999998,112.12520051199999,112.21599999999998,112.21599999999998,112.21599999999998,112.21599999999998,112.21599999999998,112.21599999999998,112.21599999999998
"3,4,4-Trimethyl-2-pentene",CC=C(C)C(C)(C)C,not biofuel,CC=C(C)C(C)(C)C,112.21599999999998,112.12520051199999,112.21599999999998,112.21599999999998,112.21599999999998,112.21599999999998,112.21599999999998,112.21599999999998,112.21599999999998
"2-Ethyl-3,3-dimethyl-1-butene",C=C(CC)C(C)(C)C,not biofuel,C=C(CC)C(C)(C)C,112.21599999999998,112.12520051199999,112.21599999999998,112.21599999999998,112.21599999999998,112.21599999999998,112.21599999999998,112.21599999999998,112.21599999999998
Cyclopropene,C1=CC1,not biofuel,C1=CC1,40.06499999999999,40.031300128,40.06499999999999,40.06499999999999,40.06499999999999,40.06499999999999,40.06499999999999,40.06499999999999,40.06499999999999
Cyclobutene,C1=CCC1,not biofuel,C1=CCC1,54.09199999999999,54.046950192,54.09199999999999,54.09199999999999,54.09199999999999,54.09199999999999,54.09199999999999,54.09199999999999,54.09199999999999
3-Ethyl-2-methyl-1-pentene,C=C(C)C(CC)CC,not biofuel,C=C(C)C(CC)CC,112.216,112.12520051199999,112.216,112.216,112.216,112.216,112.216,112.216,112.216
3-Ethyl-4-methyl-1-pentene,C=CC(CC)C(C)C,not biofuel,C=CC(CC)C(C)C,112.21599999999998,112.12520051199999,112.21599999999998,112.21599999999998,112.21599999999998,112.21599999999998,112.21599999999998,112.21599999999998,112.21599999999998
"2,3,3-Trimethyl-1-pentene",C=C(C)C(C)(C)CC,not biofuel,C=C(C)C(C)(C)CC,112.21599999999998,112.12520051199999,112.21599999999998,112.21599999999998,112.21599999999998,112.21599999999998,112.21599999999998,112.21599999999998,112.21599999999998
"2,3,4-trimethyl-1-pentene",C=C(C)C(C)C(C)C,not biofuel,C=C(C)C(C)C(C)C,112.21599999999998,112.12520051199999,112.21599999999998,112.21599999999998,112.21599999999998,112.21599999999998,112.21599999999998,112.21599999999998,112.21599999999998
"2,4,4-Trimethyl-1-pentene",C=C(C)CC(C)(C)C,not biofuel,C=C(C)CC(C)(C)C,112.21599999999998,112.12520051199999,112.21599999999998,112.21599999999998,112.21599999999998,112.21599999999998,112.21599999999998,112.21599999999998,112.21599999999998
"3,3,4-trimethyl-1-pentene",C=CC(C)(C)C(C)C,not biofuel,C=CC(C)(C)C(C)C,112.21599999999998,112.12520051199999,112.21599999999998,112.21599999999998,112.21599999999998,112.21599999999998,112.21599999999998,112.21599999999998,112.21599999999998
"3,4,4-trimethyl-1-pentene",C=CC(C)C(C)(C)C,not biofuel,C=CC(C)C(C)(C)C,112.21599999999998,112.12520051199999,112.21599999999998,112.21599999999998,112.21599999999998,112.21599999999998,112.21599999999998,112.21599999999998,112.21599999999998
"2,4,4-Trimethyl-2-pentene",CC(C)=CC(C)(C)C,not biofuel,CC(C)=CC(C)(C)C,112.216,112.12520051199999,112.216,112.216,112.216,112.216,112.216,112.216,112.216
2-methylheptane,CCCCCC(C)C,not biofuel,CCCCCC(C)C,114.23199999999999,114.14085057599999,114.23199999999999,114.23199999999999,114.23199999999999,114.23199999999999,114.23199999999999,114.23199999999999,114.23199999999999
3-methylheptane,CCCCC(C)CC,not biofuel,CCCCC(C)CC,114.23199999999999,114.14085057599999,114.23199999999999,114.23199999999999,114.23199999999999,114.23199999999999,114.23199999999999,114.23199999999999,114.23199999999999
4-methylheptane,CCCC(C)CCC,not biofuel,CCCC(C)CCC,114.232,114.14085057599999,114.232,114.232,114.232,114.232,114.232,114.232,114.232
n-heptane,CCCCCCC,not biofuel,CCCCCCC,100.205,100.12520051199999,100.205,100.205,100.205,100.205,100.205,100.205,100.205
n-hexane,CCCCCC,not biofuel,CCCCCC,86.178,86.109550448,86.178,86.178,86.178,86.178,86.178,86.178,86.178
3-Ethylhexane,CCCC(CC)CC,not biofuel,CCCC(CC)CC,114.232,114.14085057599999,114.232,114.232,114.232,114.232,114.232,114.232,114.232
2-Methyloctane,CCCCCCC(C)C,not biofuel,CCCCCCC(C)C,128.259,128.15650064,128.259,128.259,128.259,128.259,128.259,128.259,128.259
"2,2-Dimethylheptane",CCCCCC(C)(C)C,not biofuel,CCCCCC(C)(C)C,128.259,128.15650064,128.259,128.259,128.259,128.259,128.259,128.259,128.259
"2,2-dimethyloctane",CCCCCCC(C)(C)C,not biofuel,CCCCCCC(C)(C)C,142.286,142.172150704,142.286,142.286,142.286,142.286,142.286,142.286,142.286
cycloheptane,C1CCCCCC1,not biofuel,C1CCCCCC1,98.18900000000001,98.109550448,98.18900000000001,98.18900000000001,98.18900000000001,98.18900000000001,98.18900000000001,98.18900000000001,98.18900000000001
n-Propylcyclopentane,CCCC1CCCC1,not biofuel,CCCC1CCCC1,112.21600000000001,112.12520051199999,112.21600000000001,112.21600000000001,112.21600000000001,112.21600000000001,112.21600000000001,112.21600000000001,112.21600000000001
n-propylcyclohexane,CCCCC1CCCCC1,not biofuel,CCCCC1CCCCC1,140.26999999999998,140.15650064,140.26999999999998,140.26999999999998,140.26999999999998,140.26999999999998,140.26999999999998,140.26999999999998,140.26999999999998
Pentane,CCCCC,not biofuel,CCCCC,72.151,72.093900384,72.151,72.151,72.151,72.151,72.151,72.151,72.151
"1,3-Dimethylcyclopentane",CC1(C)CCCC1,not biofuel,CC1(C)CCCC1,98.18900000000001,98.109550448,98.18900000000001,98.18900000000001,98.18900000000001,98.18900000000001,98.18900000000001,98.18900000000001,98.18900000000001
iso-Butylcyclohexane,CC(C)CC1CCCCC1,not biofuel,CC(C)CC1CCCCC1,140.26999999999998,140.15650064,140.26999999999998,140.26999999999998,140.26999999999998,140.26999999999998,140.26999999999998,140.26999999999998,140.26999999999998
Sec-Butylcyclohexane,CCC(C)C1CCCCC1,not biofuel,CCC(C)C1CCCCC1,140.26999999999998,140.15650064,140.26999999999998,140.26999999999998,140.26999999999998,140.26999999999998,140.26999999999998,140.26999999999998,140.26999999999998
"1,4-Dimethylcyclohexane",CC1(C)CCCCC1,not biofuel,CC1(C)CCCCC1,112.21600000000001,112.12520051199999,112.21600000000001,112.21600000000001,112.21600000000001,112.21600000000001,112.21600000000001,112.21600000000001,112.21600000000001
2-Methyl-1-Heptene,C=CCCCCCC(C)C,not biofuel,C=CCCCCCC(C)C,140.26999999999998,140.15650064,140.26999999999998,140.26999999999998,140.26999999999998,140.26999999999998,140.26999999999998,140.26999999999998,140.26999999999998
"5,5-Dimethyl-2-hexene",CC=CCC(C)(C)C,not biofuel,CC=CCC(C)(C)C,112.216,112.12520051199999,112.216,112.216,112.216,112.216,112.216,112.216,112.216
"2,2-Dimethyl-3-hexene",CCC=CC(C)(C)C,not biofuel,CCC=CC(C)(C)C,112.216,112.12520051199999,112.216,112.216,112.216,112.216,112.216,112.216,112.216
"2,3-Dimethyl-3-hexene",CCC=C(C)C(C)C,not biofuel,CCC=C(C)C(C)C,112.21599999999998,112.12520051199999,112.21599999999998,112.21599999999998,112.21599999999998,112.21599999999998,112.21599999999998,112.21599999999998,112.21599999999998
"2,4-Dimethyl-3-hexene",CCC(C)=CC(C)C,not biofuel,CCC(C)=CC(C)C,112.21599999999997,112.12520051199999,112.21599999999997,112.21599999999997,112.21599999999997,112.21599999999997,112.21599999999997,112.21599999999997,112.21599999999997
"2,5-Dimethyl-3-hexene",CC(C)C=CC(C)C,not biofuel,CC(C)C=CC(C)C,112.21599999999998,112.12520051199999,112.21599999999998,112.21599999999998,112.21599999999998,112.21599999999998,112.21599999999998,112.21599999999998,112.21599999999998
"2,4-Dimethyl-2-hexene",CCC(C)C=C(C)C,not biofuel,CCC(C)C=C(C)C,112.21599999999998,112.12520051199999,112.21599999999998,112.21599999999998,112.21599999999998,112.21599999999998,112.21599999999998,112.21599999999998,112.21599999999998
"2,5-Dimethyl-2-hexene",CC(C)=CCC(C)C,not biofuel,CC(C)=CCC(C)C,112.216,112.12520051199999,112.216,112.216,112.216,112.216,112.216,112.216,112.216
"3,4-Dimethyl-2-hexene",CC=C(C)C(C)CC,not biofuel,CC=C(C)C(C)CC,112.21599999999998,112.12520051199999,112.21599999999998,112.21599999999998,112.21599999999998,112.21599999999998,112.21599999999998,112.21599999999998,112.21599999999998
"3,5-Dimethyl-2-hexene",CC=C(C)CC(C)C,not biofuel,CC=C(C)CC(C)C,112.21599999999998,112.12520051199999,112.21599999999998,112.21599999999998,112.21599999999998,112.21599999999998,112.21599999999998,112.21599999999998,112.21599999999998
"4,4-Dimethyl-2-hexene",CC=CC(C)(C)CC,not biofuel,CC=CC(C)(C)CC,112.216,112.12520051199999,112.216,112.216,112.216,112.216,112.216,112.216,112.216
"4,5-Dimethyl-2-hexene",CC=CC(C)C(C)C,not biofuel,CC=CC(C)C(C)C,112.216,112.12520051199999,112.216,112.216,112.216,112.216,112.216,112.216,112.216
"2,4-Dimethyl-1-hexene",C=C(C)CC(C)CC,not biofuel,C=C(C)CC(C)CC,112.21599999999998,112.12520051199999,112.21599999999998,112.21599999999998,112.21599999999998,112.21599999999998,112.21599999999998,112.21599999999998,112.21599999999998
"2,5-Dimethyl-1-hexene",C=C(C)CCC(C)C,not biofuel,C=C(C)CCC(C)C,112.21599999999998,112.12520051199999,112.21599999999998,112.21599999999998,112.21599999999998,112.21599999999998,112.21599999999998,112.21599999999998,112.21599999999998
"3,4-Dimethyl-1-hexene",C=CC(C)C(C)CC,not biofuel,C=CC(C)C(C)CC,112.21599999999998,112.12520051199999,112.21599999999998,112.21599999999998,112.21599999999998,112.21599999999998,112.21599999999998,112.21599999999998,112.21599999999998
"3,5-Dimethyl-1-hexene",C=CC(C)CC(C)C,not biofuel,C=CC(C)CC(C)C,112.21599999999998,112.12520051199999,112.21599999999998,112.21599999999998,112.21599999999998,112.21599999999998,112.21599999999998,112.21599999999998,112.21599999999998
"4,5-Dimethyl-1-hexene",C=CCC(C)C(C)C,not biofuel,C=CCC(C)C(C)C,112.21599999999998,112.12520051199999,112.21599999999998,112.21599999999998,112.21599999999998,112.21599999999998,112.21599999999998,112.21599999999998,112.21599999999998
"3,3-Dimethyl-1-hexene",C=CC(C)(C)CCC,not biofuel,C=CC(C)(C)CCC,112.216,112.12520051199999,112.216,112.216,112.216,112.216,112.216,112.216,112.216
"4,4-Dimethyl-1-hexene",C=CCC(C)(C)CC,not biofuel,C=CCC(C)(C)CC,112.21599999999998,112.12520051199999,112.21599999999998,112.21599999999998,112.21599999999998,112.21599999999998,112.21599999999998,112.21599999999998,112.21599999999998
"5,5-Dimethyl-1-hexene",C=CCCC(C)(C)C,not biofuel,C=CCCC(C)(C)C,112.21599999999998,112.12520051199999,112.21599999999998,112.21599999999998,112.21599999999998,112.21599999999998,112.21599999999998,112.21599999999998,112.21599999999998
"2,3-Dimethyl-2-hexene",CCCC(C)=C(C)C,not biofuel,CCCC(C)=C(C)C,112.21599999999998,112.12520051199999,112.21599999999998,112.21599999999998,112.21599999999998,112.21599999999998,112.21599999999998,112.21599999999998,112.21599999999998
2-methyl-2-heptene,CCCCC=C(C)C,not biofuel,CCCCC=C(C)C,112.21599999999998,112.12520051199999,112.21599999999998,112.21599999999998,112.21599999999998,112.21599999999998,112.21599999999998,112.21599999999998,112.21599999999998
3-methyl-2-heptene,CC=C(C)CCCC,not biofuel,CC=C(C)CCCC,112.216,112.12520051199999,112.216,112.216,112.216,112.216,112.216,112.216,112.216
4-methyl-2-heptene,CC=CC(C)CCC,not biofuel,CC=CC(C)CCC,112.21600000000001,112.12520051199999,112.21600000000001,112.21600000000001,112.21600000000001,112.21600000000001,112.21600000000001,112.21600000000001,112.21600000000001
5-methyl-2-heptene,CC=CCC(C)CC,not biofuel,CC=CCC(C)CC,112.216,112.12520051199999,112.216,112.216,112.216,112.216,112.216,112.216,112.216
6-methyl-2-heptene,CC=CCCC(C)C,not biofuel,CC=CCCC(C)C,112.216,112.12520051199999,112.216,112.216,112.216,112.216,112.216,112.216,112.216
2-methyl-3-heptene,CCCC=CC(C)C,not biofuel,CCCC=CC(C)C,112.21599999999998,112.12520051199999,112.21599999999998,112.21599999999998,112.21599999999998,112.21599999999998,112.21599999999998,112.21599999999998,112.21599999999998
3-methyl-3-heptene,CCCC=C(C)CC,not biofuel,CCCC=C(C)CC,112.216,112.12520051199999,112.216,112.216,112.216,112.216,112.216,112.216,112.216
4-methyl-3-heptene,CCC=C(C)CCC,not biofuel,CCC=C(C)CCC,112.216,112.12520051199999,112.216,112.216,112.216,112.216,112.216,112.216,112.216
5-methyl-3-heptene,CCC=CC(C)CC,not biofuel,CCC=CC(C)CC,112.216,112.12520051199999,112.216,112.216,112.216,112.216,112.216,112.216,112.216
"2,3-Dimethyl-1-hexene",C=C(C)C(C)CCC,not biofuel,C=C(C)C(C)CCC,112.216,112.12520051199999,112.216,112.216,112.216,112.216,112.216,112.216,112.216
Ethylcyclopentane,CCC1CCCC1,not biofuel,CCC1CCCC1,98.18900000000001,98.109550448,98.18900000000001,98.18900000000001,98.18900000000001,98.18900000000001,98.18900000000001,98.18900000000001,98.18900000000001
"1,1-Dimethylcyclopentane",CC1(C)CCCC1,not biofuel,CC1(C)CCCC1,98.18900000000001,98.109550448,98.18900000000001,98.18900000000001,98.18900000000001,98.18900000000001,98.18900000000001,98.18900000000001,98.18900000000001
"1,2-Dimethylcyclopentane",CC1CCCC1C,not biofuel,CC1CCCC1C,98.189,98.109550448,98.189,98.189,98.189,98.189,98.189,98.189,98.189
"cis-1,3-Dimethylcyclopentane",CC1CCC(C)C1,not biofuel,CC1CCC(C)C1,98.189,98.109550448,98.189,98.189,98.189,98.189,98.189,98.189,98.189
Isopropylcyclopentane,CC(C)C1CCCC1,not biofuel,CC(C)C1CCCC1,112.21600000000001,112.12520051199999,112.21600000000001,112.21600000000001,112.21600000000001,112.21600000000001,112.21600000000001,112.21600000000001,112.21600000000001
1-Ethyl-3-methylcyclopentane,CCC1CCC(C)C1,not biofuel,CCC1CCC(C)C1,112.216,112.12520051199999,112.216,112.216,112.216,112.216,112.216,112.216,112.216
"1,2-Dimethylcyclohexane",CC1CCCCC1C,not biofuel,CC1CCCCC1C,112.216,112.12520051199999,112.216,112.216,112.216,112.216,112.216,112.216,112.216
"1,3-Dimethylcyclohexane",CC1CCCC(C)C1,not biofuel,CC1CCCC(C)C1,112.216,112.12520051199999,112.216,112.216,112.216,112.216,112.216,112.216,112.216
"1,4-Dimethylcyclohexane",CC1CCC(C)CC1,not biofuel,CC1CCC(C)CC1,112.216,112.12520051199999,112.216,112.216,112.216,112.216,112.216,112.216,112.216
"1,1,2-Trimethylcyclohexane",CC1CCCCC1(C)C,not biofuel,CC1CCCCC1(C)C,126.243,126.14085057599999,126.243,126.243,126.243,126.243,126.243,126.243,126.243
"1,1,3-Trimethylcyclohexane",CC1CCCC(C)(C)C1,not biofuel,CC1CCCC(C)(C)C1,126.243,126.14085057599999,126.243,126.243,126.243,126.243,126.243,126.243,126.243
"1,2,3-Trimethylcyclohexane",CC1CCCC(C)C1C,not biofuel,CC1CCCC(C)C1C,126.24299999999998,126.14085057599999,126.24299999999998,126.24299999999998,126.24299999999998,126.24299999999998,126.24299999999998,126.24299999999998,126.24299999999998
"1,2,4-Trimethylcyclohexane",CC1CCC(C)C(C)C1,not biofuel,CC1CCC(C)C(C)C1,126.24299999999998,126.14085057599999,126.24299999999998,126.24299999999998,126.24299999999998,126.24299999999998,126.24299999999998,126.24299999999998,126.24299999999998
"1,3,5-Trimethylcyclohexane",CC1CC(C)CC(C)C1,not biofuel,CC1CC(C)CC(C)C1,126.243,126.14085057599999,126.243,126.243,126.243,126.243,126.243,126.243,126.243
"1,1-Dimethylcycloheptane",CC1(C)CCCCCC1,not biofuel,CC1(C)CCCCCC1,126.24300000000001,126.14085057599999,126.24300000000001,126.24300000000001,126.24300000000001,126.24300000000001,126.24300000000001,126.24300000000001,126.24300000000001
Ethylcycloheptane,CCC1CCCCCC1,not biofuel,CCC1CCCCCC1,126.24300000000001,126.14085057599999,126.24300000000001,126.24300000000001,126.24300000000001,126.24300000000001,126.24300000000001,126.24300000000001,126.24300000000001
3-Ethylpentane,CCC(CC)CC,not biofuel,CCC(CC)CC,100.205,100.12520051199999,100.205,100.205,100.205,100.205,100.205,100.205,100.205
"2,2,3-Trimethylbutane",CC(C)C(C)(C)C,not biofuel,CC(C)C(C)(C)C,100.20499999999998,100.12520051199999,100.20499999999998,100.20499999999998,100.20499999999998,100.20499999999998,100.20499999999998,100.20499999999998,100.20499999999998
2-Methylheptane,CCCCCC(C)C,not biofuel,CCCCCC(C)C,114.23199999999999,114.14085057599999,114.23199999999999,114.23199999999999,114.23199999999999,114.23199999999999,114.23199999999999,114.23199999999999,114.23199999999999
"2,3-Dimethylhexane",CCCC(C)C(C)C,not biofuel,CCCC(C)C(C)C,114.23199999999999,114.14085057599999,114.23199999999999,114.23199999999999,114.23199999999999,114.23199999999999,114.23199999999999,114.23199999999999,114.23199999999999
"2,4-Dimethylhexane",CCC(C)CC(C)C,not biofuel,CCC(C)CC(C)C,114.23199999999999,114.14085057599999,114.23199999999999,114.23199999999999,114.23199999999999,114.23199999999999,114.23199999999999,114.23199999999999,114.23199999999999
"2,5-Dimethylhexane",CC(C)CCC(C)C,not biofuel,CC(C)CCC(C)C,114.23199999999999,114.14085057599999,114.23199999999999,114.23199999999999,114.23199999999999,114.23199999999999,114.23199999999999,114.23199999999999,114.23199999999999
"3,3-Dimethylhexane",CCCC(C)(C)CC,not biofuel,CCCC(C)(C)CC,114.23199999999999,114.14085057599999,114.23199999999999,114.23199999999999,114.23199999999999,114.23199999999999,114.23199999999999,114.23199999999999,114.23199999999999
"2,2-Dimethylhexane",CCCCC(C)(C)C,not biofuel,CCCCC(C)(C)C,114.23199999999999,114.14085057599999,114.23199999999999,114.23199999999999,114.23199999999999,114.23199999999999,114.23199999999999,114.23199999999999,114.23199999999999
"3,4-Dimethylhexane",CCC(C)C(C)CC,not biofuel,CCC(C)C(C)CC,114.23199999999999,114.14085057599999,114.23199999999999,114.23199999999999,114.23199999999999,114.23199999999999,114.23199999999999,114.23199999999999,114.23199999999999
3-Ethylhexane,CCCC(CC)CC,not biofuel,CCCC(CC)CC,114.232,114.14085057599999,114.232,114.232,114.232,114.232,114.232,114.232,114.232
"2,3-Dimethylpentane",CCC(C)C(C)C,not biofuel,CCC(C)C(C)C,100.20499999999998,100.12520051199999,100.20499999999998,100.20499999999998,100.20499999999998,100.20499999999998,100.20499999999998,100.20499999999998,100.20499999999998
"2,4-Dimethylpentane",CC(C)CC(C)C,not biofuel,CC(C)CC(C)C,100.20499999999998,100.12520051199999,100.20499999999998,100.20499999999998,100.20499999999998,100.20499999999998,100.20499999999998,100.20499999999998,100.20499999999998
3-Ethylpentane,CCC(CC)CC,not biofuel,CCC(CC)CC,100.205,100.12520051199999,100.205,100.205,100.205,100.205,100.205,100.205,100.205
"2,2,3-Trimethylbutane",CC(C)C(C)(C)C,not biofuel,CC(C)C(C)(C)C,100.20499999999998,100.12520051199999,100.20499999999998,100.20499999999998,100.20499999999998,100.20499999999998,100.20499999999998,100.20499999999998,100.20499999999998
2-Methylheptane,CCCCCC(C)C,not biofuel,CCCCCC(C)C,114.23199999999999,114.14085057599999,114.23199999999999,114.23199999999999,114.23199999999999,114.23199999999999,114.23199999999999,114.23199999999999,114.23199999999999
